theme,keyword,funnel,priority,search_vol_est,difficulty,target_persona,existing_article,status,iwor_feature_link,notes
1-josler,J-OSLER とは,BOFU,3,1000-3000,低,専攻医,a01-josler-toha,公開済,J-OSLER管理,ピラーページ
1-josler,J-OSLER ログイン,BOFU,3,500-1000,低,専攻医,a02-josler-login,公開済,J-OSLER管理,
1-josler,J-OSLER 使い方,BOFU,3,500-1000,低,専攻医,a03-josler-tsukaikata,公開済,J-OSLER管理,
1-josler,J-OSLER いつから,BOFU,3,300-500,低,研修医/専攻医,a04-josler-itsukara,公開済,J-OSLER管理,
1-josler,J-OSLER 期限 締め切り,BOFU,3,300-500,低,専攻医,a05-josler-kigen-shimekiri,公開済,J-OSLER管理,
1-josler,J-OSLER 修了要件,BOFU,3,300-500,低,専攻医,a06-josler-shuryo-youken,公開済,J-OSLER管理,
1-josler,J-OSLER 病歴要約 書き方,BOFU,3,1000-3000,中,専攻医,c01-josler-byoreki-youyaku-kakikata,公開済,病歴要約AI,競合: ikuji-doctor/drtaisho/medaitool
1-josler,病歴要約 テンプレート,BOFU,3,500-1000,中,専攻医,c02-josler-byoreki-youyaku-template,公開済,病歴要約AI,競合: drtaisho/doctor-turtle
1-josler,病歴要約 例文,BOFU,3,500-1000,中,専攻医,c03-josler-byoreki-youyaku-reibun,公開済,病歴要約AI,
1-josler,病歴要約 総合考察,BOFU,3,300-500,低,専攻医,c04-josler-sougou-kousatsu-kakikata,公開済,病歴要約AI,
1-josler,J-OSLER 症例登録 書き方,BOFU,3,500-1000,低,専攻医,b01-josler-shourei-touroku-kakikata,公開済,J-OSLER管理,
1-josler,J-OSLER 160症例,BOFU,3,300-500,低,専攻医,b02-josler-160cases,公開済,J-OSLER管理,
1-josler,J-OSLER 病歴要約 29症例,BOFU,3,300-500,低,専攻医,c09-josler-byoreki-youyaku-29cases,公開済,病歴要約AI,競合: drtaisho(実例公開)
1-josler,J-OSLER 間に合わない,BOFU,2,200-300,低,専攻医,e02-josler-manianai,公開済,J-OSLER管理,感情KW(高CVR)
1-josler,J-OSLER AI 活用,BOFU,3,100-200,低,専攻医,j01-josler-ai-katsuyo,公開済,病歴要約AI,iwor直結KW
2-exam,内科専門医試験 勉強法,BOFU,3,1000-3000,中,専攻医,g01-naika-senmoni-benkyouhou,公開済,Study,競合: ikuji-doctor/stressfree-doctor/doctorsstudy
2-exam,内科専門医試験 参考書,BOFU,3,500-1000,中,専攻医,g03-naika-senmoni-sankousho,公開済,Study,イヤーノート/QB/WEB内科塾
2-exam,内科専門医試験 過去問,BOFU,3,500-1000,中,専攻医,g05-naika-senmoni-kakomon,公開済,Study,
2-exam,内科専門医試験 日程,BOFU,3,500-1000,低,専攻医,g08-naika-senmoni-nittei,公開済,,季節KW(6-9月ピーク)
2-exam,内科専門医試験 合格率,MOFU,2,300-500,低,専攻医,g06-naika-senmoni-goukakuritsu,公開済,,
2-exam,内科専門医 循環器,BOFU,2,200-300,低,専攻医,h01-naika-senmoni-junkanki,公開済,Study循環器デッキ,
2-exam,総合内科専門医 勉強法,BOFU,2,300-500,低,専攻医/医師,i04-sougou-naika-senmoni-benkyouhou,公開済,Study,
3-cbt,CBT 勉強法,MOFU,3,3000-5000,高,医学生,,未着手,Study CBTデッキ,ピラーページ候補。競合: INFORMA/m-e-dicine/igakuseidojo
3-cbt,CBT いつから,MOFU,3,1000-3000,中,医学生,,未着手,Study CBTデッキ,
3-cbt,CBT 合格率,MOFU,2,500-1000,低,医学生,,未着手,,
3-cbt,CBT 4連問 対策,BOFU,3,300-500,低,医学生,,未着手,Studyステップカード,iwor独自コンテンツ
3-cbt,CBT おすすめ 問題集,MOFU,2,1000-3000,高,医学生,,未着手,,QB/レビューブック/病気がみえる
3-cbt,CBT フラッシュカード,BOFU,3,100-200,低,医学生,,未着手,Study CBTデッキ,iwor直結KW
3-cbt,CBT アプリ おすすめ,MOFU,3,500-1000,中,医学生,,未着手,Study,テコプラ/Anki/iwor比較
3-cbt,CBT 9割,MOFU,2,300-500,中,医学生,,未着手,,note人気KW
3-cbt,CBT スケジュール,MOFU,2,300-500,低,医学生,,未着手,,
3-cbt,CBT 基礎医学 勉強法,MOFU,2,200-300,低,医学生,,未着手,,
3-cbt,OSCE 対策,MOFU,2,500-1000,中,医学生,,未着手,,
3-cbt,CBT 直前期,MOFU,2,300-500,低,医学生,,未着手,,季節KW(10-12月)
3-cbt,医学部 勉強法 低学年,TOFU,1,300-500,低,医学生,,未着手,,note人気KW
3-cbt,医学部 定期試験 対策,MOFU,2,500-1000,中,医学生,,未着手,,
4-kokushi,国試 勉強法,MOFU,3,5000-10000,高,医学生,,未着手,Study国試デッキ,ピラーページ候補。超高検索vol
4-kokushi,国試 いつから,MOFU,3,1000-3000,中,医学生,,未着手,,
4-kokushi,国試 おすすめ 参考書,MOFU,2,1000-3000,高,医学生,,未着手,,イヤーノート/QB/Q-Assist
4-kokushi,国試 スケジュール,MOFU,2,500-1000,中,医学生,,未着手,,
4-kokushi,国試 禁忌肢,BOFU,3,300-500,低,医学生,,未着手,Study禁忌カード,iwor独自コンテンツ
4-kokushi,国試 必修 対策,BOFU,2,500-1000,中,医学生,,未着手,Study必修デッキ,
4-kokushi,国試 フラッシュカード,BOFU,3,100-200,低,医学生,,未着手,Study,iwor直結KW
4-kokushi,Anki 医学 おすすめ デッキ,BOFU,3,300-500,低,医学生/研修医,,未着手,Study,Anki互換をアピール
4-kokushi,国試 落ちた 再受験,MOFU,1,200-300,低,医学生,,未着手,,感情KW
4-kokushi,医学生 暗記 アプリ,BOFU,3,500-1000,中,医学生,,未着手,Study,iwor直結KW
5-matching,マッチング 病院 選び方,BOFU,3,1000-3000,中,医学生,,未着手,マッチング機能,ピラーページ候補。競合: INFORMA/c-mec/residentnavi
5-matching,マッチング スケジュール,MOFU,3,500-1000,中,医学生,,未着手,,季節KW(4-10月)
5-matching,マッチング 面接 対策,BOFU,3,500-1000,中,医学生,,未着手,,
5-matching,マッチング 志望動機 書き方,BOFU,3,500-1000,中,医学生,,未着手,履歴書AI,iwor直結KW
5-matching,マッチング 人気病院 ランキング,MOFU,3,1000-3000,高,医学生,,未着手,病院DB,iwor直結KW。競合: c-mec/residentnavi
5-matching,マッチング 穴場,BOFU,3,300-500,低,医学生,,未着手,穴場度分析,iwor独自コンテンツ
5-matching,マッチング 倍率,MOFU,2,500-1000,中,医学生,,未着手,病院DB,
5-matching,マッチング 見学,MOFU,2,300-500,低,医学生,,未着手,,
5-matching,マッチング 中間公表,MOFU,2,500-1000,低,医学生,,未着手,,季節KW(10月)。競合: c-mec
5-matching,初期研修 選び方,MOFU,2,300-500,中,医学生,,未着手,,
5-matching,マッチング 履歴書,BOFU,3,300-500,中,医学生,,未着手,履歴書AI,iwor直結KW
5-matching,研修病院 口コミ,MOFU,2,300-500,中,医学生,,未着手,病院DB,
6-calc,eGFR 計算,BOFU,3,5000-10000,高,全医師,,未着手,eGFRツール,超高検索vol。競合: HOKUTO/ckd-research
6-calc,CHA2DS2-VASc スコア,BOFU,3,3000-5000,中,全医師,,未着手,ツール,競合: HOKUTO/QLifePro
6-calc,qSOFA スコア,BOFU,3,1000-3000,中,全医師,,未着手,ツール,
6-calc,BMI 計算,BOFU,2,10000+,高,全員,,未着手,BMIツール,超高検索vol(一般人含む)
6-calc,Child-Pugh スコア,BOFU,3,1000-3000,中,全医師,,未着手,ツール,
6-calc,FIB-4 index,BOFU,3,1000-3000,中,全医師,,未着手,ツール,
6-calc,SOFA スコア,BOFU,3,1000-3000,中,全医師,,未着手,ツール,
6-calc,補正Ca 計算,BOFU,3,500-1000,低,全医師,,未着手,ツール,
6-calc,Cockcroft-Gault,BOFU,2,300-500,低,全医師,,未着手,ツール,
6-calc,HAS-BLED スコア,BOFU,2,500-1000,低,全医師,,未着手,ツール,
6-calc,GRACE スコア,BOFU,2,300-500,低,全医師,,未着手,ツール,
6-calc,アニオンギャップ 計算,BOFU,2,500-1000,低,全医師,,未着手,ツール,
6-calc,APACHE II スコア,BOFU,2,500-1000,中,全医師,,未着手,ツール,
6-calc,CURB-65 スコア,BOFU,2,500-1000,低,全医師,,未着手,ツール,
6-calc,A-DROP スコア,BOFU,2,300-500,低,全医師,,未着手,ツール,
6-calc,MELD スコア,BOFU,2,500-1000,低,全医師,,未着手,ツール,
6-calc,Wells PE スコア,BOFU,2,500-1000,低,全医師,,未着手,ツール,
6-calc,γ計算 ドパミン,BOFU,2,300-500,低,研修医/医師,,未着手,γ計算ツール,
6-calc,オピオイド 換算,BOFU,2,300-500,低,全医師,,未着手,ツール,
6-calc,Harris-Benedict 計算,BOFU,2,300-500,低,全医師,,未着手,ツール,
7-career,内科 キャリアパス,MOFU,2,300-500,中,専攻医,n01-naika-career-path,公開済,,
7-career,サブスペシャルティ 選び方,MOFU,3,500-1000,中,研修医/専攻医,n02-subspecialty-erabikata,公開済,,競合: doctor-vision
7-career,専攻医 転職,MOFU,2,300-500,中,専攻医,n04-senkoui-tensyoku,公開済,,競合: stressfree-doctor
7-career,大学 市中 比較,MOFU,2,200-300,低,研修医,n03-daigaku-shicchyu-hikaku,公開済,,
7-career,学会発表 準備,MOFU,2,300-500,中,研修医/専攻医,o02-gakkai-happyou-junbi,公開済,,競合: takuyukiji
7-career,論文 書き方 入門,MOFU,2,300-500,中,研修医/専攻医,o03-ronbun-kakikata-nyumon,公開済,,
7-career,Case Report 書き方,MOFU,2,200-300,低,研修医/専攻医,o04-case-report-kakikata,公開済,,
7-career,循環器 サブスペシャルティ,MOFU,2,200-300,低,専攻医,q02-junkanki-subspecialty,公開済,,
7-career,消化器 サブスペシャルティ,MOFU,2,200-300,低,専攻医,q03-syoukaki-subspecialty,公開済,,
7-career,医師 女性 キャリア,MOFU,2,300-500,中,全医師,,未着手,,
7-career,研修医 おすすめ 本,MOFU,3,1000-3000,中,研修医,,未着手,,「本のコンテンツ=KW」戦略
7-career,研修医 当直 コツ,MOFU,2,300-500,低,研修医,,未着手,,
7-career,抄録 書き方,MOFU,2,300-500,低,研修医/専攻医,,未着手,,競合: igaku-shoin
7-career,症例報告 スライド 作り方,MOFU,2,300-500,低,研修医/専攻医,,未着手,,競合: takuyukiji
8-money,医師 ふるさと納税,MOFU,3,1000-3000,中,全医師,m02-isha-furusato-nozei,公開済,ふるさと納税,競合: icu-of-money/dr-10
8-money,医師 確定申告,MOFU,3,500-1000,中,全医師,m01-isha-kakutei-shinkoku-nyumon,公開済,,
8-money,医師 iDeCo,MOFU,2,300-500,中,全医師,m03-isha-ideco-nennkin,公開済,,
8-money,医師 節税,MOFU,3,1000-3000,高,全医師,m06-isha-setsuzei-road-map,公開済,,競合多い(税理士サイト)
8-money,専攻医 バイト,BOFU,3,300-500,低,専攻医,l01-senkoui-baito-hajimekata,公開済,,
8-money,医師 バイト 時給,MOFU,2,500-1000,中,専攻医/医師,,未着手,,
8-money,当直バイト 相場,MOFU,2,300-500,低,専攻医/医師,l03-senkoui-tochoku-baito,公開済,,
8-money,研修医 給料,MOFU,2,500-1000,中,研修医,,未着手,,
8-money,専攻医 年収,MOFU,2,300-500,低,専攻医,l04-senkoui-kyuuryo-tedori,公開済,,
8-money,医師 資産運用,MOFU,2,300-500,中,全医師,m07-senkoui-shisan-unyo,公開済,,
8-money,医師 NISA,MOFU,2,200-300,中,全医師,,未着手,,
8-money,バイト 確定申告,MOFU,2,200-300,低,専攻医,l06-baito-kakutei-shinkoku,公開済,,
8-money,医師 手取り 計算,MOFU,2,500-1000,中,全医師,,未着手,,
9-life,医師 バーンアウト 対策,MOFU,2,200-300,低,全医師,k01-burnout-taisaku,公開済,,
9-life,研修医 睡眠,MOFU,2,100-200,低,研修医,k03-suimin-kanri,公開済,,
9-life,医師 結婚 タイミング,MOFU,2,200-300,低,全医師,p01-isha-kekkon-timing,公開済,,
9-life,医師 妊娠 出産 J-OSLER,BOFU,2,100-200,低,専攻医(女性),p02-isha-ninshin-shussan-josler,公開済,J-OSLER管理,
9-life,医師 育休,MOFU,2,200-300,低,全医師,p03-isha-ikukyuu-guide,公開済,,
9-life,上級医 付き合い方,MOFU,1,100-200,低,研修医/専攻医,k04-senior-relations,公開済,,
9-life,研修医 持ち物,MOFU,3,500-1000,低,研修医,,未着手,,季節KW(3-4月)
9-life,研修医 おすすめ アプリ,BOFU,3,500-1000,中,研修医,,未着手,iwor全体,iwor直結KW
9-life,当直 持ち物,MOFU,2,200-300,低,研修医/専攻医,,未着手,,
9-life,当直 乗り切り方,MOFU,2,200-300,低,研修医/専攻医,,未着手,当直シフト,
9-life,医師 引っ越し,MOFU,1,200-300,低,全医師,r01-isha-hikkoshi-guide,公開済,,季節KW(3-4月)
9-life,医師 時間管理,MOFU,1,100-200,低,全医師,r02-isha-jikan-kanri,公開済,,
10-academic,学会 登録 初めて,MOFU,2,200-300,低,研修医/専攻医,o01-gakkai-touroku-hajimekata,公開済,,
10-academic,学会発表 メリット,MOFU,1,100-200,低,研修医/専攻医,o07-gakkai-happyou-merit,公開済,,
10-academic,英語 論文 書き方,MOFU,2,300-500,中,専攻医,o05-eigo-ronbun-taisaku,公開済,,
10-academic,学会 学術キャリア,MOFU,1,100-200,低,専攻医,o06-gakkai-academic-career,公開済,,
10-academic,AI 文献検索,MOFU,2,100-200,低,全医師,j08-ai-bunken-kensaku,公開済,,
10-academic,Claude PubMed MCP,BOFU,2,100-200,低,全医師,j10-claude-pubmed-mcp,公開済,,iwor直結KW
11-tools,医師 おすすめ アプリ,MOFU,3,1000-3000,中,全医師,,未着手,iwor全体,ピラーページ候補。競合: dancing-doctor
11-tools,HOKUTO 使い方,MOFU,2,500-1000,低,全医師,,未着手,,競合のブランドKW
11-tools,Anki 医学 使い方,MOFU,3,300-500,低,医学生/研修医,,未着手,Study,Anki→iwor誘導
11-tools,フラッシュカード 医学,BOFU,3,200-300,低,医学生/研修医,,未着手,Study,iwor直結KW
11-tools,医師 AI活用,MOFU,2,300-500,中,全医師,,未着手,,
11-tools,当直 シフト アプリ,BOFU,3,200-300,低,全医師,,未着手,当直シフト,iwor直結KW
11-tools,研修医 勉強 アプリ,BOFU,3,500-1000,中,研修医,,未着手,Study,iwor直結KW
11-tools,間隔反復 医学,BOFU,3,100-200,低,医学生/研修医,,未着手,Study,iwor独自コンテンツ
3-cbt,CBT 出題範囲,MOFU,2,300-500,低,医学生,,未着手,,
3-cbt,CBT プール問題,MOFU,2,200-300,低,医学生,,未着手,,igakuseidojo人気KW
3-cbt,CBT 落ちた,MOFU,1,200-300,低,医学生,,未着手,,感情KW
3-cbt,CBT 再試験,MOFU,1,100-200,低,医学生,,未着手,,
3-cbt,CBT 体験記,MOFU,2,200-300,低,医学生,,未着手,,note/igakuseidojo人気
3-cbt,医学部 進級 対策,MOFU,2,500-1000,中,医学生,,未着手,,igakuseidojo主力KW
3-cbt,医学部 留年 回避,MOFU,2,300-500,低,医学生,,未着手,,感情KW
3-cbt,OSCE 持ち物,MOFU,2,200-300,低,医学生,,未着手,,季節KW
3-cbt,OSCE 評価基準,MOFU,2,200-300,低,医学生,,未着手,,
3-cbt,病気がみえる おすすめ,MOFU,2,500-1000,中,医学生,,未着手,,書籍KW
3-cbt,QB CBT おすすめ,MOFU,2,300-500,中,医学生,,未着手,,書籍KW
3-cbt,Q-Assist 評判,MOFU,2,200-300,低,医学生,,未着手,,競合製品KW
4-kokushi,国試 直前期 勉強法,MOFU,2,500-1000,中,医学生,,未着手,,季節KW(12-2月)
4-kokushi,国試 合格率,MOFU,2,1000-3000,低,医学生,,未着手,,
4-kokushi,国試 難易度,MOFU,2,300-500,低,医学生,,未着手,,
4-kokushi,国試 不安,MOFU,1,200-300,低,医学生,,未着手,,感情KW
4-kokushi,国試 当日 持ち物,MOFU,2,300-500,低,医学生,,未着手,,季節KW
4-kokushi,国試 体験記,MOFU,2,300-500,低,医学生,,未着手,,note人気
4-kokushi,イヤーノート 使い方,MOFU,2,300-500,低,医学生,,未着手,,書籍KW
4-kokushi,QB オンライン 使い方,MOFU,2,300-500,低,医学生,,未着手,,書籍KW
4-kokushi,medu4 vs Q-Assist,MOFU,2,200-300,低,医学生,,未着手,,教材比較KW
5-matching,マッチング 自己PR,BOFU,3,300-500,低,医学生,,未着手,履歴書AI,iwor直結KW
5-matching,マッチング 筆記試験,MOFU,2,200-300,低,医学生,,未着手,,
5-matching,マッチング 小論文,MOFU,2,200-300,低,医学生,,未着手,,
5-matching,レジナビ 使い方,MOFU,1,200-300,低,医学生,,未着手,,競合KW
5-matching,研修医 マッチング 体験記,MOFU,2,200-300,低,医学生,,未着手,,
5-matching,マッチング 病院見学 質問,MOFU,2,200-300,低,医学生,,未着手,,
5-matching,マッチング 採用試験 対策,BOFU,2,200-300,低,医学生,,未着手,,
6-calc,抗菌薬 腎機能 用量調節,BOFU,2,300-500,低,研修医/医師,,未着手,抗菌薬ツール,レジデントノートKW
6-calc,輸液 計算,BOFU,2,500-1000,低,研修医,,未着手,輸液ツール,
6-calc,ステロイド 換算,BOFU,2,300-500,低,全医師,,未着手,ステロイド換算ツール,
6-calc,カリウム 補正,BOFU,2,300-500,低,研修医/医師,,未着手,,
6-calc,ナトリウム 補正速度,BOFU,2,300-500,低,研修医/医師,,未着手,Na補正ツール,
6-calc,体表面積 計算 デュボア,BOFU,2,200-300,低,全医師,,未着手,BSAツール,
6-calc,FiO2 リットル 換算,BOFU,2,300-500,低,研修医,,未着手,FiO2表ツール,
7-career,医師 女性 結婚,MOFU,2,300-500,中,全医師,,未着手,,
7-career,医師 転職 タイミング,MOFU,2,300-500,中,全医師,,未着手,,
7-career,医局 辞め方,MOFU,2,300-500,低,全医師,,未着手,,ikuji-doctor人気KW
7-career,研修医 1年目 やること,MOFU,2,300-500,低,研修医,,未着手,,季節KW(4月)
7-career,専門医 取得後 キャリア,MOFU,2,200-300,低,専攻医/医師,,未着手,,
7-career,医師 海外留学,MOFU,1,200-300,中,専攻医/医師,,未着手,,
7-career,EPOC 使い方,BOFU,2,200-300,低,研修医,,未着手,EPOC管理,iwor直結KW
8-money,医師 バイト 始め方,BOFU,3,300-500,低,専攻医,,未着手,,
8-money,当直バイト 求人 おすすめ,MOFU,2,300-500,中,専攻医/医師,,未着手,,
8-money,医師 副業,MOFU,2,300-500,中,全医師,,未着手,,
8-money,医師 マイクロ法人,MOFU,1,200-300,中,医師,,未着手,,
8-money,ふるさと納税 限度額 医師,BOFU,3,300-500,低,全医師,,未着手,ふるさと納税,iwor直結KW
8-money,専攻医 手取り,MOFU,2,200-300,低,専攻医,,未着手,,
9-life,研修医 1年目 辛い,MOFU,2,200-300,低,研修医,,未着手,,感情KW
9-life,医師 ワークライフバランス,MOFU,1,200-300,低,全医師,,未着手,,
9-life,当直明け 過ごし方,MOFU,2,200-300,低,研修医/専攻医,,未着手,,
9-life,医師 趣味,TOFU,1,200-300,低,全医師,,未着手,,
9-life,医師 結婚相手,MOFU,2,300-500,中,全医師,,未着手,,
10-academic,抄録 テンプレート,MOFU,2,200-300,低,研修医/専攻医,,未着手,,
10-academic,ポスター発表 作り方,MOFU,2,300-500,低,研修医/専攻医,,未着手,,
10-academic,PubMed 使い方,MOFU,2,500-1000,中,全医師,,未着手,,
10-academic,論文 投稿先 選び方,MOFU,2,200-300,低,専攻医,,未着手,,
10-academic,Impact Factor とは,TOFU,1,300-500,低,専攻医,,未着手,,
11-tools,HOKUTO vs iwor,BOFU,3,100-200,低,全医師,,未着手,iwor全体,競合比較記事
11-tools,Anki デッキ 医学 おすすめ,BOFU,3,300-500,低,医学生/研修医,,未着手,Study,iwor直結KW
11-tools,忘却曲線 勉強法,MOFU,2,500-1000,中,医学生,,未着手,Study,iwor Study連携
11-tools,間隔反復 アプリ,BOFU,3,200-300,低,医学生/研修医,,未着手,Study,iwor直結KW
11-tools,臨床計算 アプリ おすすめ,BOFU,3,300-500,中,研修医/医師,,未着手,臨床計算,iwor直結KW
11-tools,医師 ノート アプリ,MOFU,2,300-500,中,全医師,,未着手,,
11-tools,臨床支援 アプリ 比較,BOFU,2,200-300,低,全医師,,未着手,,HOKUTO/UpToDate/iwor
6-calc,輸液 考え方 研修医,BOFU,3,500-1000,低,研修医,,未着手,輸液ツール,「内科レジデントの鉄則」目次KW
6-calc,栄養管理 研修医,MOFU,2,200-300,低,研修医,,未着手,,「内科レジデントの鉄則」目次KW
6-calc,電解質異常 対応,BOFU,3,500-1000,中,研修医/医師,,未着手,電解質ツール,「内科レジデントの鉄則」目次KW
6-calc,動脈血ガス 読み方,BOFU,3,500-1000,中,研修医,,未着手,AG/Wintersツール,「内科レジデントの鉄則」目次KW
6-calc,血糖異常 対応,BOFU,2,300-500,低,研修医,,未着手,,「内科レジデントの鉄則」目次KW
6-calc,ステロイド 使い方,MOFU,2,500-1000,中,研修医/医師,,未着手,ステロイドカバーツール,「内科レジデントの鉄則」目次KW
6-calc,不眠 せん妄 対応,MOFU,2,300-500,低,研修医,,未着手,,「内科レジデントの鉄則」目次KW
6-calc,便秘 下痢 入院患者,MOFU,1,200-300,低,研修医,,未着手,,
6-calc,がん疼痛 オピオイド,MOFU,2,300-500,低,全医師,,未着手,オピオイド換算ツール,
9-life,発熱 当直 対応,BOFU,3,500-1000,中,研修医,,未着手,,「研修医当直御法度」目次KW
9-life,胸痛 当直 鑑別,BOFU,3,500-1000,中,研修医,,未着手,,「研修医当直御法度」目次KW
9-life,腹痛 当直 鑑別,BOFU,3,500-1000,中,研修医,,未着手,,「研修医当直御法度」目次KW
9-life,意識障害 当直 対応,BOFU,3,500-1000,中,研修医,,未着手,,「研修医当直御法度」目次KW
9-life,呼吸困難 当直 対応,BOFU,3,500-1000,中,研修医,,未着手,,「研修医当直御法度」目次KW
9-life,ショック 当直 対応,BOFU,3,300-500,中,研修医,,未着手,,「研修医当直御法度」目次KW
9-life,SpO2低下 対応,BOFU,2,300-500,低,研修医,,未着手,,「内科レジデントの鉄則」目次KW
9-life,不整脈 当直 対応,BOFU,2,300-500,低,研修医,,未着手,,「研修医当直御法度」目次KW
9-life,消化管出血 当直 対応,BOFU,2,300-500,低,研修医,,未着手,,「研修医当直御法度」目次KW
9-life,アナフィラキシー 対応,BOFU,3,500-1000,中,全医師,,未着手,,「研修医当直御法度」目次KW
9-life,心肺蘇生 BLS ACLS,MOFU,2,300-500,中,研修医,,未着手,,「研修医当直御法度」目次KW
6-calc,抗菌薬 選び方 初心者,BOFU,3,500-1000,中,研修医,,未着手,抗菌薬ツール,「感染症プラチナマニュアル」目次KW
6-calc,グラム染色 読み方,MOFU,2,300-500,低,研修医,,未着手,,「感染症プラチナマニュアル」
6-calc,血液培養 取り方,MOFU,2,300-500,低,研修医,,未着手,,「感染症プラチナマニュアル」
6-calc,敗血症 初期対応,BOFU,3,500-1000,中,研修医/医師,,未着手,qSOFAツール,「感染症プラチナマニュアル」
6-calc,尿路感染症 抗菌薬,BOFU,2,300-500,低,研修医/医師,,未着手,抗菌薬ツール,
6-calc,市中肺炎 抗菌薬,BOFU,2,300-500,低,研修医/医師,,未着手,A-DROPツール,
6-calc,針刺し事故 対応,BOFU,3,300-500,低,研修医,,未着手,,「感染症プラチナマニュアル」必須KW
3-cbt,解剖学 効率的 勉強法,MOFU,2,300-500,中,医学生,,未着手,,低学年KW
3-cbt,生理学 勉強法,MOFU,2,300-500,低,医学生,,未着手,Study生理学デッキ,
3-cbt,薬理学 勉強法,MOFU,2,300-500,低,医学生,,未着手,Study薬理デッキ,
3-cbt,微生物学 まとめ,MOFU,2,200-300,低,医学生,,未着手,Study微生物デッキ,
3-cbt,免疫学 わかりやすく,MOFU,2,200-300,低,医学生,,未着手,Study免疫デッキ,
3-cbt,病理学 勉強法,MOFU,2,200-300,低,医学生,,未着手,Study病理デッキ,
7-career,産業医 資格 取り方,MOFU,2,500-1000,中,全医師,,未着手,,stressfree-doctor人気1位
7-career,医局 辞めたい,MOFU,2,300-500,低,専攻医/医師,,未着手,,stressfree-doctor人気5位。感情KW
7-career,医局 辞め方 切り出し方,MOFU,2,300-500,低,専攻医/医師,,未着手,,stressfree-doctor人気7位
7-career,初期研修 後期研修 違う病院,MOFU,2,200-300,低,医学生/研修医,,未着手,,stressfree-doctor人気3位
7-career,美容外科 年収,MOFU,1,300-500,中,全医師,,未着手,,stressfree-doctor人気8位
8-money,寝当直バイト 相場,MOFU,2,300-500,低,専攻医/医師,,未着手,,stressfree-doctor人気4位
8-money,医師 スポットバイト サイト,MOFU,2,300-500,中,専攻医/医師,,未着手,,stressfree-doctor人気9位
8-money,脱毛バイト 医師,MOFU,1,200-300,低,医師,,未着手,,stressfree-doctor人気10位
11-tools,バンコマイシン TDM,BOFU,2,500-1000,低,研修医/医師,,未着手,,踊る救急医 人気1位(57K PV)
11-tools,研修医 おすすめ 参考書,MOFU,3,1000-3000,中,研修医,,未着手,,踊る救急医 人気2位(48K PV)。書籍KW
11-tools,BLS ACLS ICLS 違い,MOFU,2,500-1000,低,研修医,,未着手,,踊る救急医 人気3位(43K PV)
11-tools,医師 おすすめ スマホアプリ,MOFU,3,500-1000,中,全医師,,未着手,iwor全体,踊る救急医 人気4位(30K PV)
9-life,研修医 まずするべきこと,MOFU,2,300-500,低,研修医,,未着手,,踊る救急医 人気5位(24K PV)。季節KW(4月)
9-life,SBAR 報告 テンプレ,MOFU,2,300-500,低,研修医,,未着手,,踊る救急医 最近記事
9-life,NEWS2 スコア,BOFU,2,200-300,低,研修医/医師,,未着手,NEWS2ツール,踊る救急医 最近記事
8-money,ふるさと納税 おすすめ 返礼品 医師,MOFU,2,300-500,低,全医師,,未着手,ふるさと納税,stressfree-doctor最近記事
7-career,初期研修先 選び方,MOFU,3,500-1000,中,医学生,,未着手,,stressfree-doctor最近記事
7-career,初期研修医 やっておくべきこと,MOFU,2,300-500,低,研修医,,未着手,,stressfree-doctor最近記事
