32-new-competitor,MediE CBT 対策,MOFU,1,100-200,低,医学生,,未着手,,新発見競合
32-new-competitor,ガッシーブログ CBT,MOFU,1,100-200,低,医学生,,未着手,,新発見競合
32-new-competitor,MEC 国試 予備校,MOFU,1,200-300,低,医学生,,未着手,,予備校KW
32-new-competitor,CES 国試 予備校,MOFU,1,100-200,低,医学生,,未着手,,予備校KW
32-new-competitor,病歴要約アシスト 評判,MOFU,2,100-200,低,専攻医,,未着手,,競合ブランドKW
32-new-competitor,medaitool 使い方,MOFU,2,100-200,低,専攻医,,未着手,,競合ブランドKW
32-new-competitor,nogusan.com 医学書まとめ,META,0,0,0,全対象,,競合分析,,競合サイト。診療科別参考書レビューで流入。30冊まとめ/救急10選/感染症7選等
32-new-competitor,nonbiriqq.com のんびり救急,META,0,0,0,全対象,,競合分析,,競合サイト。Q&A式おすすめ本/臨床研究おすすめ本
32-new-competitor,saitamageka.com 埼玉外科,META,0,0,0,全対象,,競合分析,,競合サイト。外科研修本/紹介状書き方
32-new-competitor,connect.doctor-agent.com 民間医局コネクト,META,0,0,0,全対象,,競合分析,,競合サイト。研修医おすすめ本10選(毎年更新)/ChatGPTシリーズ/手技特集
32-new-competitor,ricecakemochi.com 研修医室に引きこもり,META,0,0,0,全対象,,競合分析,,競合サイト。ブログ村4位。研修医ライフ
32-new-competitor,senkouhana.hatenablog.com 専攻医うーはな,META,0,0,0,全対象,,競合分析,,競合サイト。ブログ村16位。専攻医ライフ
32-new-competitor,teppekitoushi.com 鉄壁投資,META,0,0,0,全対象,,競合分析,,競合サイト。ブログ村9位。医師の投資/資産形成
32-new-competitor,medie.site MediE,META,0,0,0,全対象,,競合分析,,競合サイト。医師国試予備校。CBT/国試コース。外国人医師コースも
32-new-competitor,gomec.co.jp MEC予備校,META,0,0,0,全対象,,競合分析,,競合サイト。国試予備校。メック流勉強法シリーズ
32-new-competitor,gashi-blog.com ガッシーブログ,META,0,0,0,全対象,,競合分析,,競合サイト。医学生。CBT9割/マッチング対策
32-new-competitor,ishin.kawai-juku.ac.jp 河合塾医進塾,META,0,0,0,全対象,,競合分析,,競合サイト。CBTレポート/ポリクリレポート
32-new-competitor,medmixer.com MED MIXER,META,0,0,0,全対象,,競合分析,,競合サイト。Anki勉強法/医学生勉強法
32-new-competitor,n-igaku.com メディデジ,META,0,0,0,全対象,,競合分析,,競合サイト。iPad活用/デジタル勉強法
32-new-competitor,digista.net でじすたねっと,META,0,0,0,全対象,,競合分析,,競合サイト。医師のデジタル勉強法
32-new-competitor,igakutankyuu.com 探究者の独り言,META,0,0,0,全対象,,競合分析,,競合サイト。Anki活用法
32-new-competitor,docforfamily.com ビジネスマン勤務医,META,0,0,0,全対象,,競合分析,,競合サイト。Anki専門医合格/iPad活用/資産形成
32-new-competitor,takuyukiji.com 内科医たくゆきじ,META,0,0,0,全対象,,競合分析,,競合サイト。学会発表スライド/論文引用
32-new-competitor,katoiin.info 加藤医院ブログ,META,0,0,0,全対象,,競合分析,,競合サイト。J-OSLER査読委員視点
32-new-competitor,e-resident.jp eレジデント,META,0,0,0,全対象,,競合分析,,競合サイト。初期研修医向けJ-OSLER
32-new-competitor,plamed.com プラメド,META,0,0,0,全対象,,競合分析,,競合サイト。医師向けポイント/会員サイト
32-new-competitor,medpeer.jp MedPeer,META,0,0,0,全対象,,競合分析,,競合サイト。医師SNS/薬剤評価60万件
32-new-competitor,cliniscale.emuyn.net CliniScale,META,0,0,0,全対象,,競合分析,,計算ツール競合。250+臨床スコアのWebアプリ
32-new-competitor,app.kcrt.net 医療計算機,META,0,0,0,全対象,,競合分析,,計算ツール競合。OSSでGitHub公開
32-new-competitor,medicpulse.org Medicpulse,META,0,0,0,全対象,,競合分析,,計算ツール競合
32-new-competitor,msdmanuals.com MSDマニュアル計算,META,0,0,0,全対象,,競合分析,,計算ツール競合。学術権威あり
32-new-competitor,ccr-egfr.online eGFR専門計算,META,0,0,0,全対象,,競合分析,,計算ツール競合。eGFR/CCr特化
32-new-competitor,ckd-research.jp 厚労省腎疾患研究,META,0,0,0,全対象,,競合分析,,計算ツール競合。政府系(権威性最高)
32-new-competitor,jsn.or.jp 日本腎臓学会,META,0,0,0,全対象,,競合分析,,計算ツール競合。学会公式
32-new-competitor,hop-job.com ミライトーチMedia医師,META,0,0,0,全対象,,競合分析,,転職系。医師転職サイト比較記事
32-new-competitor,dr-10.com 医師転職研究所,META,0,0,0,全対象,,競合分析,,転職系。医師の節税/年収/キャリア調査データ
32-new-competitor,recruit-dc.co.jp リクルートドクターズ,META,0,0,0,全対象,,競合分析,,転職系。キャリアコラム
32-new-competitor,ishi-job.jp 医師転職なび,META,0,0,0,全対象,,競合分析,,転職系。バイト/キャリアコラム
32-new-competitor,m2plus.com M2PLUS,META,0,0,0,全対象,,競合分析,,電子書籍/医学アプリ。「研修医必読書50」コンテンツ
32-new-competitor,yodosha.co.jp 羊土社,META,0,0,0,全対象,,競合分析,,出版社。レジデントノート。研修医向けコンテンツ多い
32-new-competitor,igaku-shoin.co.jp 医学書院,META,0,0,0,全対象,,競合分析,,出版社。WEB内科塾/医学界新聞
32-new-competitor,slide.antaa.jp Antaa Slide,META,0,0,0,全対象,,競合分析,,スライド共有。研修医向け手技/プレゼン/初期研修スライド
32-new-competitor,epilogi.dr-10.com エピロギ,META,0,0,0,全対象,,競合分析,,dr-10系。症例報告論文の書き方
32-new-competitor,medichen.tokyo Medichen,META,0,0,0,全対象,,競合分析,,医学生向け。Anki活用法/ChatGPT活用
32-new-competitor,benmochi.com BEN-MOCHI,META,0,0,0,全対象,,競合分析,,医学生。CBT92%勉強法
32-new-competitor,ishi-yobikou.com CES予備校,META,0,0,0,全対象,,競合分析,,国試予備校。マッチング戦略記事
32-new-competitor,hinyan1016.hatenablog.com 医知創造ラボ,META,0,0,0,全対象,,競合分析,,脳神経内科医。スライド作り方/症例報告
32-new-competitor,index-medres.com INDEX,META,0,0,0,全対象,,競合分析,,学会発表スライドデザイン
32-new-competitor,adpkd.jp 大塚製薬eGFR,META,0,0,0,全対象,,競合分析,,eGFR計算上位。製薬企業(ドメインパワー大)
32-new-competitor,boehringer-ingelheim.com/jp ベーリンガー,META,0,0,0,全対象,,競合分析,,eGFR計算上位。ジャディアンスLP内ツール
32-new-competitor,kyowakirin.co.jp 協和キリン,META,0,0,0,全対象,,競合分析,,eGFR計算上位。CKD啓発サイト
32-new-competitor,lab-tky.umin.jp 東大病院,META,0,0,0,全対象,,競合分析,,eGFR計算上位。大学(権威性最高)
32-new-competitor,medical.nikkeibp.co.jp 日経メディカル,META,0,0,0,全対象,,競合分析,,カデット(研修医向け)コンテンツ。参考書特集
32-new-competitor,mk-med.hatenablog.com Med-Hobbyist,META,0,0,0,全対象,,競合分析,,はてなブログ。医学の趣味人。初期研修医向け記事
32-new-competitor,free-doc.hatenablog.com フリドク,META,0,0,0,全対象,,競合分析,,はてなブログ。フリーランス医師。転職/バイト/退局
32-new-competitor,intmed.exblog.jp 内科開業医,META,0,0,0,全対象,,競合分析,,内科開業医の勉強日記。長期運営ブログ
32-new-competitor,fuseda.xsrv.jp 次郎作ブログ,META,0,0,0,全対象,,競合分析,,循環器研修おすすめ参考書。研修医ブロガー
32-new-competitor,note.com/kochoniide 新出孤蝶,META,0,0,0,全対象,,競合分析,,note。研修医が本当に使った医学書15冊(高PV)
32-new-competitor,note.com/lovely_hyssop216 かいのーと,META,0,0,0,全対象,,競合分析,,note。医学生マッチング対策/実習ノート
32-new-competitor,note.com/maitakenorth わん,META,0,0,0,全対象,,競合分析,,note。マッチング体験記(2024年終了組)
32-new-competitor,note.com/li_fe_igaku リーフェ医学情報,META,0,0,0,全対象,,競合分析,,note。国試情報/ストレート卒業率ランキング
32-new-competitor,note.com/dharma_ph おにだるま,META,0,0,0,全対象,,競合分析,,note。研修医の教科書まとめ(2025年度)
32-new-competitor,www.clearnotebooks.com Clearnote,META,0,0,0,全対象,,競合分析,,ノート共有プラットフォーム。医学生の循環器/解剖ノート
32-new-competitor,www.travel-rescue-tips.com 雲の上はいつも晴れ,META,0,0,0,全対象,,競合分析,,ブログ村10位。医学生マイラー。ポリクリ持ち物記事
32-new-competitor,yurudream.com しおんブログ,META,0,0,0,全対象,,競合分析,,ブログ村11位。iPad/PC勉強法
32-new-competitor,www.bakuekimed.com 爆益MED,META,0,0,0,全対象,,競合分析,,ブログ村18位。医学生・受験生向け
32-new-competitor,pyecracker99.hatenablog.com わくば,META,0,0,0,全対象,,競合分析,,ブログ村6位。医学とプログラミング
38-bigword-analysis,eGFR 計算 — 上位: 製薬(大塚/ベーリンガー/協和キリン)+学会(JSNP)+大学(東大),META,0,0,0,全対象,,ビッグKW分析,,製薬ドメインパワー大。iwor: UI差で割込み
38-bigword-analysis,CBT 勉強法 — 上位: 予備校(MEDICINE/MediE/MEC/医学生道場)+出版(INFORMA),META,0,0,0,全対象,,ビッグKW分析,,予備校支配。iwor: Study 820枚デッキで差別化
38-bigword-analysis,研修医 おすすめ 本 — 上位: 書店(M2PLUS)+メディア(民間医局/日経)+ブロガー(ikuji/nogusan),META,0,0,0,全対象,,ビッグKW分析,,書評系は毎年更新で安定流入。iwor: 本→ツール/デッキ導線
38-bigword-analysis,内科専門医試験 勉強法 — 上位: ブロガー(ikuji/stressfree)+予備校(ドクスタ)+CareNet,META,0,0,0,全対象,,ビッグKW分析,,ブロガーが強い=iwor記事で勝てる
38-bigword-analysis,J-OSLER 病歴要約 — 上位: ブロガー(ikuji/drtaisho/medaitool)+学会(naika.or.jp),META,0,0,0,全対象,,ビッグKW分析,,iwor既に66記事で支配可能。ピラーページ強化で1位狙い
38-bigword-analysis,マッチング 病院 選び方 — 上位: INFORMA+レジナビ+C-MEC+予備校,META,0,0,0,全対象,,ビッグKW分析,,iwor: 1470病院DB+穴場度分析で独自コンテンツ
38-bigword-analysis,医師 おすすめ アプリ — 上位: 民間医局コネクト/doctor-vision/HOKUTO/踊る救急医/エピロギ(dr-10)/cork31-naikai,META,0,0,0,全対象,,ビッグKW分析,,新発見: cork31-naikai.com(基礎研究×内科医)
38-bigword-analysis,医師 転職 サイト おすすめ — 上位: ミライトーチ/マイベスト/OUTSIDE/method-innovation/カケハシスカイ/CareerSea,META,0,0,0,全対象,,ビッグKW分析,,アフィリエイトメディアが支配。iwor直接参入不要
38-bigword-analysis,医師 節税 — 上位: nature-inter/キークレア税理士/マネーフォワード/dr-10/sokei-401k/CLIUS,META,0,0,0,全対象,,ビッグKW分析,,税理士サイト+FPメディアが支配。iwor:ふるさと納税ツール連携で差別化
38-bigword-analysis,マッチング 病院 ランキング — 上位: C-MEC(独占的)/HOKUTO(速報)/レジナビ/日経メディカル/m3/厚労省PDF,META,0,0,0,全対象,,ビッグKW分析,,C-MECが圧倒的。iwor: 穴場度/本命度の独自指標で差別化
38-bigword-analysis,心電図 読み方 — 上位: トーアエイヨー(製薬)/みやけ内科/看護roo/羊土社/ナース専科/MSD,META,0,0,0,全対象,,ビッグKW分析,,超高vol(月間推定3万+)。製薬+看護系が強い。医師視点の記事で差別化
38-bigword-analysis,抗菌薬 選び方 一覧 — 上位: honenaika.com/doctor-vision/薬キャリ/東京医大/MSD/nkdesk/羊土社,META,0,0,0,全対象,,ビッグKW分析,,医師向けクリニック+出版社+学会。iwor: 抗菌薬ツール+Study感染症デッキ連携
32-new-competitor,cork31-naikai.com 基礎研究×内科医,META,0,0,0,全対象,,競合分析,,「医師おすすめアプリ」上位。臨床医がおすすめアプリを2つに厳選
32-new-competitor,outside.no-limit.careers OUTSIDE,META,0,0,0,全対象,,競合分析,,「医師転職サイトおすすめ」上位。アフィリメディア
32-new-competitor,my-best.com マイベスト,META,0,0,0,全対象,,競合分析,,「医師転職サイト」上位。大手比較メディア
32-new-competitor,nature-inter.com 芦田ジェームズ,META,0,0,0,全対象,,競合分析,,「医師節税」1位。富裕層専門税理士メディア
32-new-competitor,keycrea.jp キークレア税理士,META,0,0,0,全対象,,競合分析,,「医師節税」2位。福岡税理士法人
32-new-competitor,biz.moneyforward.com マネーフォワード,META,0,0,0,全対象,,競合分析,,「医師節税」上位。大手SaaS
32-new-competitor,sokei-401k.com マウンティン,META,0,0,0,全対象,,競合分析,,「医師節税」上位。企業型DC導入支援
32-new-competitor,clius.jp CLIUS,META,0,0,0,全対象,,競合分析,,「医師節税」上位。クリニック開業マガジン
32-new-competitor,med.toaeiyo.co.jp トーアエイヨー,META,0,0,0,全対象,,競合分析,,「心電図読み方」1位。製薬企業。やさしい心電図の見方(超ロングセラーコンテンツ)
32-new-competitor,miyake-naika.com みやけ内科,META,0,0,0,全対象,,競合分析,,「心電図読み方」2位。開業医個人サイト
32-new-competitor,www.kango-roo.com 看護roo,META,0,0,0,全対象,,競合分析,,「心電図読み方」上位。看護師向けだが医学生も参照
32-new-competitor,www.cardiac.jp cardiac.jp,META,0,0,0,全対象,,競合分析,,心電図基本波形。循環器専門サイト
32-new-competitor,honenaika.com 今野クリニック,META,0,0,0,全対象,,競合分析,,「抗菌薬選び方」1位。クリニック個人サイト
32-new-competitor,kanri.nkdesk.com nkdesk,META,0,0,0,全対象,,競合分析,,「抗菌薬一覧」上位。薬剤データベース
32-new-competitor,amr.jihs.go.jp 国立感染症研究所AMR,META,0,0,0,全対象,,競合分析,,「抗菌薬とは」上位。政府系(最高権威)
38-bigword-analysis,医師 ふるさと納税 — 上位: 日経メディカル/インベストメントP/ふるさとチョイス/one-doctor/CareNet/drsidejob/zaigenkakuho/民間医局コネクト/HOKUTO,META,0,0,0,全対象,,ビッグKW分析,,新発見: drsidejob.com(医師の副業ナビ)/zaigenkakuho.com/one-doctor-cmic.com/kinmui.com
38-bigword-analysis,医師 バイト おすすめ — 上位: ys-job(キュービック)/フリドク/ミライトーチ/cocre-logo/stressfree-doctor/zero-doctor/ashitano.clinic/m3CAREER,META,0,0,0,全対象,,ビッグKW分析,,新発見: ys-job.cuebic.co.jp/cocre-logo.com/ashitano.clinic/zero-doctor.com
38-bigword-analysis,Anki 医学 使い方 — 上位: INFORMA/igakutankyuu/mentholreal/docforfamily/medmixer/踊る救急医/tamago-dofu/note(john)/Medichen/しおん,META,0,0,0,全対象,,ビッグKW分析,,ブロガー支配。iwor Study直結記事で上位狙い
38-bigword-analysis,医師 確定申告 — 上位: 日本医師会/doctor-vision/医師資産形成/FPサービス/kinmui/med-eye/税理士法人IKJ/HOKUTO/dr-navi/税理士解説,META,0,0,0,全対象,,ビッグKW分析,,税理士+日本医師会。iwor:確定申告ツール連携
38-bigword-analysis,医師国家試験 勉強法 — 上位: INFORMA(1位)/MEDICINE/MEC/note/MediE/igakuseidojo/CES/medu4/宮崎大図書館,META,0,0,0,全対象,,ビッグKW分析,,INFORMA圧倒的1位。予備校支配。iwor:1043枚デッキ+フラッシュカード差別化
38-bigword-analysis,J-OSLER 症例登録 — 上位: e-resident/naika.or.jp(公式)/JRS/jbgm/ikuji-doctor/naika.or.jp(手帳),META,0,0,0,全対象,,ビッグKW分析,,公式(naika.or.jp)+ブロガー(ikuji)。iwor既に7記事で2-3位圏内
32-new-competitor,drsidejob.com 医師の副業ナビ,META,0,0,0,全対象,,競合分析,,「医師ふるさと納税」上位。副業/節税特化
32-new-competitor,zaigenkakuho.com 企業版ふるさと納税,META,0,0,0,全対象,,競合分析,,「医師ふるさと納税」上位。ふるさと納税メディア
32-new-competitor,one-doctor-cmic.com ワンドクター,META,0,0,0,全対象,,競合分析,,「医師ふるさと納税」「研修医給料」上位。シミック系
32-new-competitor,kinmui.com 勤務医.com,META,0,0,0,全対象,,競合分析,,「医師確定申告」上位。勤務医向け情報サイト
32-new-competitor,med-eye.co.jp med-eye,META,0,0,0,全対象,,競合分析,,「医師確定申告」上位。医療人材系メディア
32-new-competitor,ys-job.cuebic.co.jp キュービック,META,0,0,0,全対象,,競合分析,,「医師バイトおすすめ」1位。大手アフィリメディア
32-new-competitor,cocre-logo.com cocre,META,0,0,0,全対象,,競合分析,,「医師バイトおすすめ」上位。比較メディア
32-new-competitor,ashitano.clinic よりそいメンタル,META,0,0,0,全対象,,競合分析,,「医師バイト」「医師転職サイト」上位。クリニックがアフィリ記事
32-new-competitor,zero-doctor.com ゼロから始める医師生活,META,0,0,0,全対象,,競合分析,,「医師バイト」上位。10年目内科医ブロガー
32-new-competitor,mentholreal.com メンソール,META,0,0,0,全対象,,競合分析,,「Anki使い方」上位。Anki初心者向け解説
32-new-competitor,tamago-dofu.com さんてブログ,META,0,0,0,全対象,,競合分析,,「Anki活用法」上位。試験対策Anki活用
32-new-competitor,medu4.com medu4,META,0,0,0,全対象,,競合分析,,「国試勉強法」上位。映像授業プラットフォーム
32-new-competitor,ishishisankeisei.com 医師資産形成,META,0,0,0,全対象,,競合分析,,「医師確定申告」上位。不動産投資系
32-new-competitor,www.e-ikj.net 税理士法人IKJ,META,0,0,0,全対象,,競合分析,,「医師確定申告」上位。医師特化税理士
32-new-competitor,xn--o1qq22cjlllou16giuj.jp 医師バイト比較,META,0,0,0,全対象,,競合分析,,「医師バイト確定申告」上位。日本語ドメイン
32-new-competitor,financial-field.com ファイナンシャルフィールド,META,0,0,0,全対象,,競合分析,,「医師バイトおすすめ」上位。大手金融メディア
38-bigword-analysis,研修医 給料 年収 — 上位: ishibestcareer(1位)/厚労省PDF/doctor-vision/one-doctor/民間医局コネクト/レジナビ/note(整形外科医)/dr-10/MRT/dr-8,META,0,0,0,全対象,,ビッグKW分析,,新発見: ishibestcareer.com(医師ベストキャリア)/medrt.com(MRT)
38-bigword-analysis,専門医 取得 メリット — 上位: med-eye/doctor-vision/dr-10(調査データ)/マイナビDOCTOR/ドクスタ/レジナビ/リクルートDC/m3(キャリアデザインラボ),META,0,0,0,全対象,,ビッグKW分析,,dr-10の調査データ記事が強い。転職系メディアが支配
38-bigword-analysis,医学部 解剖 勉強法 — 上位: agaroot-medical(1位)/MEDICINE/igakuseidojo(大量)/MediE,META,0,0,0,全対象,,ビッグKW分析,,新発見: agaroot-medical.com(アガルート医学部)。予備校+受験校が支配
38-bigword-analysis,qSOFA スコア 計算 — 上位: HOKUTO(1位)/看護roo/旭化成ファーマ(リコモジュリン)/ニュートリー/HOKUTO(SOFA)/er-collection,META,0,0,0,全対象,,ビッグKW分析,,HOKUTO計算ツールが1位。製薬(旭化成)が自社薬LP内にツール。iwor:qSOFAツールで2位狙い
38-bigword-analysis,SOFA スコア 計算 — 上位: HOKUTO(1位)/旭化成ファーマ/ニュートリー/doctor-fun-life/看護roo/MSD/厚労省/Google Play/レバウェル看護,META,0,0,0,全対象,,ビッグKW分析,,新発見: doctor-fun-life.com(SOFA計算個人サイト)
38-bigword-analysis,補正カルシウム 計算 — 上位: HOKUTO(1位)/JStage(透析学会)/東北大病院/ubie.app/日本医事新報/CRC/看護roo/MSD/東都クリニック/医書.jp,META,0,0,0,全対象,,ビッグKW分析,,HOKUTO計算ツールが常に1位。学術論文/大学病院が2-3位。iwor:ツールページのmeta最適化で上位狙い
32-new-competitor,ishibestcareer.com 医師ベストキャリア,META,0,0,0,全対象,,競合分析,,「研修医給料」1位。医師キャリア情報メディア
32-new-competitor,medrt.com MRT,META,0,0,0,全対象,,競合分析,,「研修医年収」上位。医師転職/バイト大手
32-new-competitor,dr-8.com 医師バイトドットコム,META,0,0,0,全対象,,競合分析,,「研修医給料」「医師バイト」上位。バイト求人サイト
32-new-competitor,agaroot-medical.com アガルート医学部,META,0,0,0,全対象,,競合分析,,「解剖勉強法」1位。受験予備校系
32-new-competitor,akp-pharma-digital.com 旭化成ファーマ,META,0,0,0,全対象,,競合分析,,qSOFA/SOFA計算ツールをリコモジュリンLP内に設置。製薬SEO戦略
32-new-competitor,doctor-fun-life.com ドクターファンライフ,META,0,0,0,全対象,,競合分析,,「SOFA計算」上位。個人サイト
32-new-competitor,er-collection.jp ER Collection,META,0,0,0,全対象,,競合分析,,「qSOFA」上位。救急医学メディア
32-new-competitor,ubie.app Ubie,META,0,0,0,全対象,,競合分析,,「補正Ca」上位。AI問診サービスがQ&A記事でSEO
32-new-competitor,career-lab.m3.com m3キャリアデザインラボ,META,0,0,0,全対象,,競合分析,,「専門医メリット」上位。m3系コンテンツマーケティング
32-new-competitor,kango-oshigoto.jp レバウェル看護,META,0,0,0,全対象,,競合分析,,「SOFAスコア」上位。看護系だが医師も参照
38-bigword-analysis,Child-Pugh計算 — 上位: kanzo-kensa.com(1位!)/HOKUTO/ubie/QLifePro/武田薬品/日経メディカル,META,0,0,0,全対象,,ビッグKW分析,,新発見: kanzo-kensa.com(肝臓検査.com)がChild-Pugh/FIB-4で1位。個人サイトで勝てる実例
38-bigword-analysis,FIB-4 index計算 — 上位: kanzo-kessa.com(1位)/徳大肝疾患/動脈硬化学会/日本肝臓学会(EAファーマ提供)/HOKUTO/エーザイ/武蔵野赤十字/クリニック2院/熊本大,META,0,0,0,全対象,,ビッグKW分析,,学会公式+製薬(EAファーマ/エーザイ)+大学。kanzo-kensa.comが個人で1位
38-bigword-analysis,MELD計算 — 上位: HOKUTO(1位)/臓器移植ネットワーク/名大移植外科/日本肝臓学会/HOKUTO(MELD-Na)/MSD/alife.jp,META,0,0,0,全対象,,ビッグKW分析,,HOKUTO1位。移植関連の公式サイト多い
38-bigword-analysis,HAS-BLED計算 — 上位: QLifePro(1位)/ベーリンガー/HOKUTO/medical.tokyo(MedCalc)/JStage/日経メディカル/dobashin(心房細動な日々),META,0,0,0,全対象,,ビッグKW分析,,新発見: medical.tokyo(MedCalc)/dobashin.exblog.jp(心房細動な日々ブログ)
38-bigword-analysis,Wells DVT計算 — 上位: HOKUTO(1位)/MSD/静脈学会PDF/MDCalc(英語)/mdapp(英語),META,0,0,0,全対象,,ビッグKW分析,,日本語サイト少ない。iwor:日本語Wells DVTで上位狙える
38-bigword-analysis,GRACE計算 — 上位: HOKUTO(1位)/note(ドクター・ミュラー)/日経メディカル/ナース専科/CareNet/m3,META,0,0,0,全対象,,ビッグKW分析,,note個人記事が2位。iwor:計算ツール+解説記事で上位可能
32-new-competitor,kanzo-kessa.com 肝臓検査.com,META,0,0,0,全対象,,競合分析,,Child-Pugh/FIB-4で1位！個人サイト。iwor直接の計算ツール競合
32-new-competitor,tokudai-kanshikkan.jp 徳大肝疾患,META,0,0,0,全対象,,競合分析,,FIB-4計算。大学系
32-new-competitor,j-athero.org 動脈硬化学会,META,0,0,0,全対象,,競合分析,,FIB-4ツール。学会公式
32-new-competitor,medical.eisai.jp エーザイ,META,0,0,0,全対象,,競合分析,,FIB-4計算。製薬企業
32-new-competitor,gastro-kumamoto-u.com 熊本大消化器,META,0,0,0,全対象,,競合分析,,FIB-4計算。大学系
32-new-competitor,medical.tokyo MedCalc,META,0,0,0,全対象,,競合分析,,HAS-BLED計算。医療計算サイト
32-new-competitor,dobashin.exblog.jp 心房細動な日々,META,0,0,0,全対象,,競合分析,,HAS-BLED上位。循環器医ブログ。長期運営
32-new-competitor,alife.jp alife,META,0,0,0,全対象,,競合分析,,MELD/MELD-Na計算個人サイト
32-new-competitor,note.com/cardiology_m ドクター・ミュラー,META,0,0,0,全対象,,競合分析,,GRACE計算上位。noteの循環器医
32-new-competitor,js-phlebology.jp 日本静脈学会,META,0,0,0,全対象,,競合分析,,Wells DVT PDF。学会公式
38-bigword-analysis,BSA 体表面積 計算 — 上位: HOKUTO(1位)/jintai100.com/keisan.site(高精度計算)/calc-site.com/Wikipedia/doctor-fun-life/hotto-hatto.com/日本化薬/luft.co.jp,META,0,0,0,全対象,,ビッグKW分析,,HOKUTO1位。高精度計算サイト(keisan.site)が2位級。個人サイト(doctor-fun-life/hotto-hatto)も上位
38-bigword-analysis,BMI 計算 医療 — 上位: FUJIFILM/MYメディカル/bmi.nobody.jp/東京メディカルCL/kanzo-kensa.com/味の素/厚労省ヘルスケアラボ/KKR熊本/e-ヘルスネット/こいずみCL,META,0,0,0,全対象,,ビッグKW分析,,超ビッグKW。一般健康サイト支配。医療特化なら勝機。kanzo-kensa.comも上位
38-bigword-analysis,NIHSS スコア 計算 脳卒中 — 上位: HOKUTO(1位+記事)/ナース専科/stroke-lab/HOKUTO(計算)/岡山市民病院PDF/日経メディカル/マイナビ看護/rehatech-links/Wikipedia,META,0,0,0,全対象,,ビッグKW分析,,HOKUTO記事+計算で複数枠。リハビリ系(stroke-lab/rehatech-links)も上位
38-bigword-analysis,GCS スコア 意識レベル 計算 — 上位: nursery.co.jp/HOKUTO/看護roo/秋田脳研PDF/motoyawata.clinic/急性期ケア協会/救急医めざす君(qqka-senmoni)/ナース専科/マイナビ看護,META,0,0,0,全対象,,ビッグKW分析,,看護系メディアが支配(看護roo/ナース専科/マイナビ看護)。HOKUTO計算は2位。iwor:GCS計算+JCS比較記事で差別化
38-bigword-analysis,Cockcroft-Gault CCr計算 — 上位: HOKUTO(1位)/北大薬PDF/日腎薬誌/HOKUTO(蓄尿法)/MSD/東京ベイ薬剤ブログ/clinicalsup/滋賀腎透析/柏崎総合PDF/ベーリンガー,META,0,0,0,全対象,,ビッグKW分析,,HOKUTO1位。製薬(ベーリンガー=プラザキサLP)が計算ツール設置。clinicalsup.jpも上位
38-bigword-analysis,APACHE II スコア ICU — 上位: HOKUTO(1位)/MDCalc(英)/GooglePlay/ClinCalc(英)/Bibgraph/Medscape(英)/MSD(英)/KAKEN(科研費),META,0,0,0,全対象,,ビッグKW分析,,日本語サイトHOKUTOのみ。英語サイト多数。iwor:日本語APACHE IIで上位確実
38-bigword-analysis,Wells PE 肺塞栓 計算 — 上位: 亀田呼吸器科(1位)/HOKUTO/東京医大八王子/HOKUTO(PERC)/静脈学会PDF/medical.tokyo/HOKUTO(ガイドライン)/新潟大PDF,META,0,0,0,全対象,,ビッグKW分析,,亀田病院サイトが1位！病院サイトが個別計算ツールで勝つ実例。HOKUTO複数枠
38-bigword-analysis,CHADS2 スコア 心房細動 — 上位: ナース専科/HOKUTO(1位)/HOKUTO(CHA2DS2-VASc)/ベーリンガー/ubie/日本心臓財団/心臓血管研究所/ichiba-md.com/桂川CL/QLifePro,META,0,0,0,全対象,,ビッグKW分析,,新発見: ichiba-md.com(医知場)循環器専門メディア。ベーリンガー(プラザキサ)がCHADS2計算ツール設置
38-bigword-analysis,Harris-Benedict 基礎代謝 計算 — 上位: HOKUTO(1位)/AllAbout/personalland.site/calculator.jp/救急医学会/PDN/JStage/HOKUTO(TEE)/Caring/明治(栄養),META,0,0,0,全対象,,ビッグKW分析,,一般健康サイト(AllAbout等)も上位。看護系(Caring)も。iwor:栄養計算ツールとして差別化可能
38-bigword-analysis,Alvarado スコア 虫垂炎 — 上位: 看護roo(1位)/HOKUTO/clinicalsup/HOKUTO(AAS)/水戸済生会/medu4/信州大医学教育/JStage/Bibgraph/HOKUTO(ガイドライン),META,0,0,0,全対象,,ビッグKW分析,,看護roo1位。予備校(medu4)も上位。HOKUTO複数枠。iwor:計算ツール+解説で上位狙い
38-bigword-analysis,Glasgow-Blatchford 上部消化管出血 — 上位: HOKUTO(1位)/CareNet/手稲渓仁会PDF/GuidelineCentral(英)/PMC(英),META,0,0,0,全対象,,ビッグKW分析,,日本語サイト少ない。HOKUTO1位。iwor:日本語GBS計算ツールで上位確実
38-bigword-analysis,NEWS2 スコア 早期警告 — 上位: HOKUTO(1位)/Doctock/GooglePlay/HOKUTO(NEWS)/HOKUTO(qSOFA解説)/救急振興財団PDF/Wikipedia/MDCalc(英),META,0,0,0,全対象,,ビッグKW分析,,日本語サイト極少。HOKUTO1位。新発見: doctock.jp(バイタルサインモニタリングサービス)
38-bigword-analysis,FENa 計算 腎前性 腎性 — 上位: 熊本市民病院PDF/日本腎臓薬物療法学会/HOKUTO/sysmex-PC/神戸大PDF/国府台病院/HOKUTO(論文)/JStage/jinzounet.pro/kasotuukablog,META,0,0,0,全対象,,ビッグKW分析,,学術PDF/学会が上位。HOKUTOは3位程度。新発見: jinzounet.pro(腎臓ネット)
38-bigword-analysis,Winters formula 代謝性アシドーシス — 上位: MSD(1位)/日本医事新報/救急医学会/umin.ac.jp/Wikipedia/MSD(家庭版)/看護roo/JStage/clinicalsup/九大ガイド,META,0,0,0,全対象,,ビッグKW分析,,MSD(メルク)が1位。HOKUTO不在。iwor:酸塩基計算ツール+解説で参入チャンス大
38-bigword-analysis,mRS 修正ランキンスケール 脳卒中 — 上位: stroke-lab(1位)/厚労省PDF/HOKUTO/brainavi.com/神経学会誌/CareNet/CiNii/ナース専科/rehatech-links,META,0,0,0,全対象,,ビッグKW分析,,新発見: brainavi.com(脳ナビ)脳卒中専門メディア。stroke-lab1位
38-bigword-analysis,医師 iDeCo 節税 — 上位: sokei-401k/m-assets(辻総合会計)/nature-inter/medicalcenterjp/HOKUTO(!)/manabu不動産/dr-10.com/Medical Tribune/ドクターライフナビ/リクルートDC,META,0,0,0,全対象,,ビッグKW分析,,HOKUTO(!!)がマネー系にも進出。dr-10.com(医師転職研究所)/medicalcenterjp.com/ドクターライフナビも
38-bigword-analysis,紹介状 書き方 テンプレート 医師 — 上位: Dr.転職なび/SNOWAID/WHITECROSS/民間医局コネクト/dental-oral-surgery/arkrayclinicsupport/佐賀大精神科/bizocean/水戸済生会/CLIUS,META,0,0,0,全対象,,ビッグKW分析,,転職メディア+歯科系+大学ブログ。医師専門サイト少ない。iwor:紹介状テンプレートツールで参入可能
38-bigword-analysis,退院サマリ 書き方 — 上位: doctor-vision/henry-app/JAMI(標準化ガイド)/HL7J/wiseman(看護)/Antaa Slide/済生会滋賀/zest(看護)/ナースのヒント/caitech,META,0,0,0,全対象,,ビッグKW分析,,看護系メディアが多い。Antaa Slideも上位。iwor:退院サマリ記事で差別化。新発見: henry-app.jp(電子カルテ)
38-bigword-analysis,研修医 持ち物 必需品 — 上位: doctor-vision/がんばれ研修医ブログ/residentnavi/alpha-uni/gashi-blog/clasic.jp/clasic.jp/docforfamily/igakumatometemita/mitsuyuki-life,META,0,0,0,全対象,,ビッグKW分析,,個人ブログ多数(がんばれ研修医/gashi-blog/igakumatometemita/mitsuyuki-life)。物販アフィリ記事。iwor:ブログ記事で上位狙える
38-bigword-analysis,医局 辞め方 退局 — 上位: dr-10.com(1位)/民間医局/dr-ar-navi/doctor-kinmu/epilogi/メディカルプラス/医師のとも/stressfree-doctor/MRT/ishi-job,META,0,0,0,全対象,,ビッグKW分析,,転職メディア支配。dr-10.com(医師転職研究所)1位。新発見: dr-ar-navi.jp/doctor-kinmu.com(勤務医のマーチ)/ishi-job.jp
38-bigword-analysis,心エコー 読み方 入門 — 上位: 原三信病院/診断と治療社(書籍)/医書.jp/医学界新聞/中外医学社(書籍)/kensyui-doctor.com/医書.jp/CareNeTV/日本医事新報/M3E,META,0,0,0,全対象,,ビッグKW分析,,書籍販売サイトが支配。新発見: kensyui-doctor.com(専攻医AKの日記)。iwor:学習コンテンツで参入余地
38-bigword-analysis,SOAP カルテ 書き方 研修医 — 上位: PHC(メディコム)/ソラスト/メディックメディア(INFORMA)/ウェブカルテ/OPQRST(note)/セラピストプラス/CLINICS/PTOTSTワーカー/ソラジョブ/コメディカル.com,META,0,0,0,全対象,,ビッグKW分析,,電子カルテベンダー(PHC/ウェブカルテ/CLINICS)+看護コメディカル系。研修医特化記事が少ない。iwor:ブログ記事チャンス
38-bigword-analysis,輸液 考え方 計算 — 上位: Antaa Slide(1-2位)/s-que/看護レバウェル/看護スマイルナース/金芳堂(書籍)/羊土社(書籍)/看護roo/ナース専科/JStage/看護roo,META,0,0,0,全対象,,ビッグKW分析,,Antaa Slideが1-2位。看護系+書籍が支配。iwor:輸液計算ツール(drip-rate/holiday-segar等)との連携記事
38-bigword-analysis,当直 バイト 医師 おすすめ — 上位: m3.com CAREER/ashitano.clinic/dr-8.com/cocre-logo/dr-8.com/民間医局/stressfree-doctor/ys-job/リクルートDC/MRT,META,0,0,0,全対象,,ビッグKW分析,,転職/バイトサイト支配。アフィリ記事(cocre-logo/ys-job)も。iwor:バイトサイト比較記事で参入可能
38-bigword-analysis,専攻医 プログラム 選び方 内科 — 上位: 日本専門医機構/日本内科学会/一宮西病院/JBGM総合診療/横浜市民病院/residentnavi(民間医局)/虎の門病院/日本内科学会PDF/厚労省PDF/doctor-vision,META,0,0,0,全対象,,ビッグKW分析,,公式(専門医機構/学会)が上位。iwor:マッチング機能と連携した「プログラム選び方」記事
38-bigword-analysis,医師 ふるさと納税 おすすめ — 上位: 日経メディカル/kinmui.com/zaigenkakuho/drsidejob/one-doctor-cmic/note個人/tsuruda-tax/ふるなび/インベストメントパートナーズ/ふるさとチョイス,META,0,0,0,全対象,,ビッグKW分析,,新発見: kinmui.com(勤務医ドットコム)マネー記事豊富。drsidejob.com(医師の副業ナビ)。iwor:ふるさと納税LP連携で差別化
38-bigword-analysis,医師 確定申告 やり方 — 上位: doctor-vision(1位)/e-ikj.net(税理士)/med-eye/meetsmore/民間医局/日本医師会/ishishisankeisei/iryou-crave/m-assets/one-doctor-cmic,META,0,0,0,全対象,,ビッグKW分析,,転職メディア(doctor-vision)+税理士サイト。iwor:確定申告ガイド記事
38-bigword-analysis,医師 転職サイト おすすめ — 上位: method-innovation/hop-job/mybest/busiconet/pascase/outside.no-limit/asiro/kakehashi-skysol/r-andg/job-times,META,0,0,0,全対象,,ビッグKW分析,,超激戦KW。アフィリメディア完全支配。iwor:直接競合せず長テール(専攻医転職/内科転職)で攻める
38-bigword-analysis,医学生 CBT 勉強法 — 上位: residentnavi/MEDICINE(m-e-dicine)/MEDICINE/gomec(MEC)/igakuseidojo/メディックメディア(INFORMA)/benmochi/MediE/medace/igakuseidojo,META,0,0,0,全対象,,ビッグKW分析,,予備校サイト完全支配(MEDICINE/MEC/igakuseidojo/MediE/medace)。iwor:CBTデッキ×勉強法記事で差別化。Study機能連携
38-bigword-analysis,医師国家試験 勉強法 スケジュール — 上位: メディックメディア(1位)/メディックメディア/medu4/MEDICINE/CES予備校/gomec(MEC)/MEDICINE/igakuseidojo/CES予備校/MediE,META,0,0,0,全対象,,ビッグKW分析,,予備校が完全支配。メディックメディア(medilink-study)がINFORMAブランドで1位。iwor:国試デッキ×スケジュール記事で連携
32-new-competitor,keisan.site 高精度計算サイト,META,0,0,0,全対象,,競合分析,,BSA等の汎用計算ツール。CASIOが運営？高DA
32-new-competitor,calc-site.com 計算サイト,META,0,0,0,全対象,,競合分析,,健康計算ツール集。一般向け
32-new-competitor,hotto-hatto.com ほっとはっと,META,0,0,0,全対象,,競合分析,,薬剤師監修BSA計算アプリ。個人サイト
32-new-competitor,jintai100.com 人体百科,META,0,0,0,全対象,,競合分析,,人体模型ショップ。BSA計算ページあり
32-new-competitor,nipponkayaku.co.jp 日本化薬,META,0,0,0,全対象,,競合分析,,製薬。BSA計算ツール(抗がん剤投与量計算用)
32-new-competitor,stroke-lab.com STROKE LAB,META,0,0,0,全対象,,競合分析,,脳卒中リハビリ専門。NIHSS/mRS解説で上位
32-new-competitor,brainavi.com 脳ナビ,META,0,0,0,全対象,,競合分析,,脳卒中専門メディア。mRS解説で上位
32-new-competitor,clinicalsup.jp ClinicalSup,META,0,0,0,全対象,,競合分析,,臨床支援サイト。CCr計算/虫垂炎等多数。総合臨床ツール
32-new-competitor,ichiba-md.com 医知場,META,0,0,0,全対象,,競合分析,,循環器専門メディア。CHADS2解説等で上位
32-new-competitor,doctock.jp Doctock,META,0,0,0,全対象,,競合分析,,バイタルサインモニタリングサービス。NEWS2解説で上位
32-new-competitor,jinzounet.pro 腎臓ネット,META,0,0,0,全対象,,競合分析,,腎臓専門メディア。FENa/電解質計算で上位
32-new-competitor,henry-app.jp Henry,META,0,0,0,全対象,,競合分析,,電子カルテベンダー。退院サマリ書き方記事でSEO
32-new-competitor,kensyui-doctor.com 専攻医AKの日記,META,0,0,0,全対象,,競合分析,,専攻医個人ブログ。心エコー教科書おすすめ等で上位
32-new-competitor,dr-ar-navi.jp ドクターアールナビ,META,0,0,0,全対象,,競合分析,,医師向け転職。退局方法記事で上位
32-new-competitor,doctor-kinmu.com 勤務医のマーチ,META,0,0,0,全対象,,競合分析,,勤務医個人ブログ。退局切り出し方記事で上位
32-new-competitor,ishi-job.jp イシジョブ,META,0,0,0,全対象,,競合分析,,医師転職サイト。退局方法記事で上位
32-new-competitor,kinmui.com 勤務医ドットコム,META,0,0,0,全対象,,競合分析,,勤務医向け不動産投資+マネー情報メディア。節税記事大量。要構造分析
32-new-competitor,drsidejob.com 医師の副業ナビ,META,0,0,0,全対象,,競合分析,,医師副業/ふるさと納税。個人メディア
32-new-competitor,medicalcenterjp.com メディカルセンター.JP,META,0,0,0,全対象,,競合分析,,医師節税ガイド。税理士系メディア
32-new-competitor,ashitano.clinic よりそいメンタルCL,META,0,0,0,全対象,,競合分析,,クリニックサイトが医師バイトおすすめ記事でSEO。アフィリ戦略
32-new-competitor,m-e-dicine.com MEDICINE予備校,META,0,0,0,全対象,,競合分析,,東大卒医師運営。CBT/国試勉強法で上位多数。SEO非常に強い。要詳細分析
32-new-competitor,igakuseidojo.com 医学生道場,META,0,0,0,全対象,,競合分析,,医学生個別指導塾。CBT/国試記事でSEO。要詳細分析
32-new-competitor,gomec.co.jp MEC予備校,META,0,0,0,全対象,,競合分析,,大手医師国試予備校。勉強法コラムでSEO
32-new-competitor,medie.site MediE,META,0,0,0,全対象,,競合分析,,医学部CBT/国試対策サイト。勉強法記事で上位
32-new-competitor,medace.jp MedAce,META,0,0,0,全対象,,競合分析,,CBT対策サイト。勉強法記事で上位
38-bigword-analysis,抗菌薬 選び方 一覧 研修医 — 上位: mecstation(MEC)/羊土社(書籍)/Antaa Slide/CareNeTV/民間医局コネクト/JIHS(厚労省AMR)/東京医大PDF/Antaa(note)/CareNeTV/doctor-vision,META,0,0,0,全対象,,ビッグKW分析,,教育コンテンツ(MEC/Antaa/CareNeTV/書籍)支配。iwor:抗菌薬ツール(/tools/antibiotics)連携記事
38-bigword-analysis,心電図 読み方 研修医 初心者 — 上位: 民間医局コネクト/トーアエイヨー(製薬)/takuyukiji.com/メジカルビュー(書籍)/南江堂(書籍)/note-nurse/nasnus/miyake-naika/日経Aナーシング/広島看護協会,META,0,0,0,全対象,,ビッグKW分析,,書籍+看護系支配。新発見: takuyukiji.com(内科医たくゆきじ)ブロガー。miyake-naika.com(みやけ内科)クリニックSEO
38-bigword-analysis,胸部CT 読み方 異常所見 — 上位: 東京メディカルCL/キナシ大林病院PDF/羊土社(書籍)/ましもと内科/島根大総合診療(shimanegp)/CareNeTV/m2plus/仙台厚生病院PDF/大阪大放射線/医書.jp,META,0,0,0,全対象,,ビッグKW分析,,書籍+大学/病院が支配。新発見: shimanegp.com(島根大総合診療ブログ)
38-bigword-analysis,腹部エコー 読み方 初心者 — 上位: us-kensahou-seminar.net/医学書院(書籍)/日本予防医学協会/misignal/almediaweb/中部公衆医学研究所/医歯薬出版(書籍)/医書.jp/メディカ出版/おおの内科,META,0,0,0,全対象,,ビッグKW分析,,書籍+検査技師系支配。新発見: us-kensahou-seminar.net(超音波検査法セミナー)
38-bigword-analysis,血液ガス 読み方 解釈 手順 — 上位: 急性期ケア協会/ナース専科/premedi(プレシジョン)/SlideShare/大阪大腎臓内科/karu-keru/大阪市大PDF/看護roo/MEDSi(書籍)/ラジオメーター,META,0,0,0,全対象,,ビッグKW分析,,看護+大学が支配。ラジオメーター(検査機器メーカー)がコンテンツマーケティング。iwor:Winters式等酸塩基計算ツール連携
38-bigword-analysis,症例プレゼン やり方 研修医 — 上位: 医学書院/takuyukiji.com/Antaa Slide(x2)/東京北総診/ikuji-doctor/医書.jp/金芳堂(書籍)/羊土社(書籍)/hinyan1016(はてなブログ),META,0,0,0,全対象,,ビッグKW分析,,Antaa Slide強い。書籍販売サイト多数。iwor:プレゼンター機能連携記事
38-bigword-analysis,ステロイド 換算 等価用量 計算 — 上位: HOKUTO(1位計算+解説)/himeji-naika/CloseDi/薬学協会PDF/kawaiitools.com/diyakuzai.com/HOKUTO(外用)/岐阜大薬PDF/JStage,META,0,0,0,全対象,,ビッグKW分析,,HOKUTO複数枠(計算+記事)。新発見: kawaiitools.com(便利工具館)計算ツール。CloseDi薬剤Q&Aサイト。iwor:ステロイド換算ツール既存
38-bigword-analysis,オピオイド 換算 等価用量 — 上位: 済生会日田PDF/聖隷三方原(緩和ケアガイド)/北見赤十字PDF/HOKUTO/北春日部PDF/富山大PDF/岐阜大PDF/nkdesk/くれよんCL(OPITAN)/看護roo,META,0,0,0,全対象,,ビッグKW分析,,病院PDF/緩和ケアガイドが上位。HOKUTO換算表記事。iwor:オピオイド換算ツール既存
38-bigword-analysis,滴下速度 計算 点滴 早見表 — 上位: 看護roo(1位)/スマイルナース/ナース専科/keio.ac.jp/HOKUTO(mL→秒)/HOKUTO(秒→mL)/メディックメディア(看護)/note-nurse/GooglePlay/マイナビ看護,META,0,0,0,全対象,,ビッグKW分析,,看護系完全支配(看護roo/ナース専科/マイナビ看護)。HOKUTO計算ツール。iwor:drip-rateツール既存
38-bigword-analysis,QTc 延長 薬剤 計算 — 上位: HOKUTO(ガイドライン)/東京医大八王子/MSD/メディックメディア(INFORMA)/HOKUTO(計算)/ひろつ内科/PMDA(厚労省)/国循(x2)/医学書院,META,0,0,0,全対象,,ビッグKW分析,,HOKUTO(ガイドライン+計算)。公的機関(PMDA/国循)。iwor:QTcツール既存
32-new-competitor,takuyukiji.com 内科医たくゆきじ,META,0,0,0,全対象,,競合分析,,心電図教科書おすすめ/学会発表等で上位。専攻医ブロガー。書評+how-toでSEO
32-new-competitor,miyake-naika.com みやけ内科循環器科,META,0,0,0,全対象,,競合分析,,心電図読み方記事でSEO。クリニックサイトがコンテンツマーケティング
32-new-competitor,shimanegp.com 島根大総合診療,META,0,0,0,全対象,,競合分析,,胸部CT読影記事。大学ブログ。NEURAL GP network
32-new-competitor,us-kensahou-seminar.net 超音波検査法セミナー,META,0,0,0,全対象,,競合分析,,腹部エコー走査法。セミナー集客型
32-new-competitor,kawaiitools.com 便利工具館,META,0,0,0,全対象,,競合分析,,ステロイド換算計算ツール。個人計算サイト
32-new-competitor,closedi.jp CloseDi,META,0,0,0,全対象,,競合分析,,薬剤Q&Aサイト。ステロイド換算等で上位
32-new-competitor,diyakuzai.com DRUG INFORMATION,META,0,0,0,全対象,,競合分析,,薬剤師個人ブログ。ステロイド換算表記事で上位
32-new-competitor,seirei.or.jp 聖隷三方原,META,0,0,0,全対象,,競合分析,,緩和ケア症状緩和ガイドが有名。オピオイド換算表で上位
32-new-competitor,mecstation.jp MEC station,META,0,0,0,全対象,,競合分析,,MEC予備校の動画プラットフォーム。抗菌薬等臨床コンテンツ
38-bigword-analysis,低ナトリウム血症 鑑別 フローチャート — 上位: 大塚製薬(SIADH.JP)/JStage(内科学会)/HOKUTO/MSD/JStage/clinicalsup/Antaa Slide/日本心臓財団/jinzounet.pro/聖路加PDF,META,0,0,0,全対象,,ビッグKW分析,,製薬(大塚=SIADH.JP)がLP型でSEO。HOKUTO+MSD。iwor:低Na血症フロー計算ツール既存
38-bigword-analysis,意識障害 鑑別 AIUEOTIPS — 上位: JStage(内科学会)/HOKUTO(計算)/中外医学社PDF/水戸済生会/Antaa Slide(x2)/亀田CCMC/湘南MC PDF/全日本剣道連盟(!)/xn--救急.jp,META,0,0,0,全対象,,ビッグKW分析,,HOKUTO計算ツール(AIUEOTIPS)。Antaa Slide複数枠。iwor:計算ツール連携
38-bigword-analysis,中心静脈カテーテル 手順 研修医 — 上位: ナース専科/日本麻酔科学会PDF/名古屋大PDF/利根保健PDF/日本医療機能評価機構/カーディナルヘルス/MSD/愛知医大PDF/ナスナス/PDNレクチャー,META,0,0,0,全対象,,ビッグKW分析,,学会ガイドライン+看護系。iwor:手技ガイド(/tools/procedures)連携
38-bigword-analysis,腰椎穿刺 手順 やり方 — 上位: Antaa Slide(1位)/ナース専科/MSD/premedi/看護roo/MSD(動画)/レバウェル/Procedures Consult/ナスナス/CareNeTV,META,0,0,0,全対象,,ビッグKW分析,,Antaa Slide1位。MSD+看護系。iwor:手技ガイド連携
38-bigword-analysis,胸腔ドレーン 挿入 手順 — 上位: MSD/Antaa Slide/ナース専科(x3)/看護roo(x2)/コキュトレ(pulmonary-training)/JStage(内科学会)/ナースのヒント,META,0,0,0,全対象,,ビッグKW分析,,看護系完全支配+MSD。新発見: pulmonary-training.com(コキュトレ)呼吸器専門教育メディア
32-new-competitor,siadh.jp 大塚製薬SIADH.JP,META,0,0,0,全対象,,競合分析,,製薬LP型SEO。低Na血症鑑別で上位。大塚製薬サムスカ(トルバプタン)販促
32-new-competitor,pulmonary-training.com コキュトレ,META,0,0,0,全対象,,競合分析,,呼吸器専門教育メディア。胸腔ドレーン手技等で上位
32-new-competitor,proceduresconsult.jp Procedures Consult,META,0,0,0,全対象,,競合分析,,手技動画サービス。腰椎穿刺等で上位。Elsevier系
38-bigword-analysis,ABCD2 スコア TIA 計算 — 上位: HOKUTO(1位)/Nature Reviews/神経学会PDF/rehab-zone.jp/JStage/聖マリアンナPDF/HOKUTO(ABCD3-I)/GooglePlay/mm-medicalsupport/MDCalc(英),META,0,0,0,全対象,,ビッグKW分析,,HOKUTO1位。日本語サイト少ない。iwor:ABCD2ツール既存。上位確実
38-bigword-analysis,Hunt Hess 分類 くも膜下出血 — 上位: ナース専科(1位)/ナース専科(Kosnik)/HOKUTO/HOKUTO(Kosnik)/clinicalsup/弁護士事務所(!)/脳科学辞典/st-medica/Minds/JNS,META,0,0,0,全対象,,ビッグKW分析,,看護系(ナース専科)1位。弁護士事務所(!!)が医療過誤訴訟記事でSEO。iwor:Hunt-Hessツール既存
38-bigword-analysis,Rockall スコア 消化管出血 — 上位: HOKUTO(1位x2)/JStage(x2)/CareNet/HOKUTO(GBS)/jseptic/CareNet/医学書院,META,0,0,0,全対象,,ビッグKW分析,,HOKUTO複数枠。学術論文が多い。iwor:Rockallツール既存
38-bigword-analysis,SAPS II スコア ICU — 上位: ClinCalc(英)/HOKUTO/MDCalc(英)/MSD(英)/PubMed/ScienceDirect/omnicalculator/ClinCalc/Wikipedia(英),META,0,0,0,全対象,,ビッグKW分析,,英語サイト支配。日本語HOKUTO1サイトのみ。iwor:日本語SAPSIIで上位確実
38-bigword-analysis,Caprini スコア VTE リスク — 上位: NCBI/MDCalc/ScienceDirect/capriniriskscore.org/droracle.ai,META,0,0,0,全対象,,ビッグKW分析,,全て英語サイト。日本語サイトほぼなし。iwor:日本語Capriniで独占可能
38-bigword-analysis,専門医試験 勉強法 内科 2026 — 上位: CareNeTV/日本内科学会/メディックメディア(INFORMA)/ikuji-doctor/doctorsstudy.jp/medilink-study(QB)/senkoi.net/stressfree-doctor/mecstation(MEC),META,0,0,0,全対象,,ビッグKW分析,,予備校+教材サイト支配。iwor:既存記事(g01-g12)で上位。新発見: doctorsstudy.jp/senkoi.net(内科専攻医net)
38-bigword-analysis,初期研修 マッチング 面接 対策 — 上位: メディックメディア(INFORMA)/MEDICINE(m-e-dicine)/TellMedu/C-MEC.JP(x2)/m3研修病院ナビ/MediE/gashi-blog/gomec(MEC)/m3,META,0,0,0,全対象,,ビッグKW分析,,予備校+医学生メディア支配。新発見: TellMedu(tellmedu.com)/C-MEC.JP。iwor:マッチング機能連携
38-bigword-analysis,医師 年収 手取り 税金 — 上位: dr-10.com/iinshokei.biz/xn--救急.jp/med-eye/ishishisankeisei/2004foryou/日本医師会/keycrea(税理士)/medicalcenterjp/xn--救急.jp,META,0,0,0,全対象,,ビッグKW分析,,転職メディア+税理士サイト。超ビッグKW。新発見: xn--救急.jp(ドクタージョブ系)
38-bigword-analysis,JOSLER 症例登録 コツ テンプレート — 上位: ikuji-doctor(1位)/日本呼吸器学会/日本内科学会/日本消化器病学会/medaitool.com(病歴要約アシスト)/ikuji-doctor(テンプレ)/note(地域枠内科)/doctor-turtle/note(ゴゴ)/hakui-no-tenshichan,META,0,0,0,全対象,,ビッグKW分析,,iwor記事(b01-b07)で上位。新発見: medaitool.com(病歴要約アシスト=AI生成ツール!)。直接競合
38-bigword-analysis,研修医 おすすめ 参考書 ランキング — 上位: 民間医局コネクト(x3)/m2plus/Antaa Slide/ikuji-doctor/keiyouwhite(外科医の視点)/nogusan.com/note(新出孤蝶)/日経カデット,META,0,0,0,全対象,,ビッグKW分析,,民間医局コネクト最多枠。ブロガー上位(ikuji-doctor/keiyouwhite/nogusan)。物販アフィリ多い
32-new-competitor,doctorsstudy.jp ドクターズスタディ,META,0,0,0,全対象,,競合分析,,専門医試験日程/合格率まとめ。MEC系メディア
32-new-competitor,senkoi.net 内科専攻医net,META,0,0,0,全対象,,競合分析,,内科専門医試験対策教材レビュー。個人メディア。iwor直接競合
32-new-competitor,tellmedu.com TellMedu,META,0,0,0,全対象,,競合分析,,研修医マッチング面接対策。医学生メディア
32-new-competitor,c-mec.jp C-MEC,META,0,0,0,全対象,,競合分析,,マッチング面接質問集/見学マナー。マッチング情報ポータル
32-new-competitor,medaitool.com 病歴要約アシスト,META,0,0,0,全対象,,競合分析,,J-OSLER病歴要約AI生成ツール！iwor joslerジェネレーターの直接競合。要詳細分析
32-new-competitor,ikuji-doctor.com 腎臓内科医の備忘録,META,0,0,0,全対象,,競合分析,,J-OSLER攻略/参考書ランキング/プレゼンコツ等で上位多数。個人ブロガー。SEO強い
32-new-competitor,keiyouwhite.com 外科医の視点,META,0,0,0,全対象,,競合分析,,研修医参考書推薦で上位。外科医個人ブログ
32-new-competitor,nogusan.com ノグサン,META,0,0,0,全対象,,競合分析,,研修医参考書まとめで上位。個人ブロガー
38-bigword-analysis,医師 NISA 新NISA 資産運用 — 上位: 三井住友銀行/Yahoo!ファイナンス/みんかぶ/ダイヤモンドZAi/WealthNavi/七十七銀行/東海東京証券/アセットマネジメントOne/ダイヤモンド/楽天証券,META,0,0,0,全対象,,ビッグKW分析,,一般金融サイト支配。「医師」特化サイトは上位にない。iwor:医師向けNISA記事で差別化可能
38-bigword-analysis,研修医 給料 年収 手取り — 上位: doctor-vision/Dr.アルなび/kinmui.com/residentnavi/民間医局コネクト/one-doctor-cmic/ishibestcareer/MRT/dr-8.com/dr-connect,META,0,0,0,全対象,,ビッグKW分析,,転職メディア完全支配。iwor:既存記事(l04)で参戦中
38-bigword-analysis,医師 燃え尽き バーンアウト 対策 — 上位: Asana(!)/Dr.転職なび/東京横浜TMS/ベスリTMS横浜/ジョブメドレー/one-doctor-cmic/YourDoctor/ALL DIFFERENT/岐阜大脳神経PDF/医書.jp,META,0,0,0,全対象,,ビッグKW分析,,転職メディア+メンタルクリニック。iwor:既存記事(k01)で参戦中
38-bigword-analysis,学会発表 スライド 作り方 医師 — 上位: Antaa Slide/takuyukiji.com/医学書院/SOUBUN/南山堂(書籍)/SlideShare/Antaa Slide/urol-hinyoukeyweb/医学書院,META,0,0,0,全対象,,ビッグKW分析,,Antaa Slide最強。書籍+出版社。新発見: urol-hinyoukeyweb.com(医師のChatGPT活用ブログ)
38-bigword-analysis,case report 書き方 症例報告 英語 — 上位: med-english.com/JStage(総合診療)/enago(学術英語)/epilogi(dr-10)/note個人/enago/tsuki-no-fune(天の海)/blog.goo(徳田先生)/Wordvice/genius.jp.net,META,0,0,0,全対象,,ビッグKW分析,,英語校正サービス支配(med-english/enago/Wordvice/genius)。iwor:既存記事(o04)で参戦
32-new-competitor,urol-hinyoukeyweb.com 医師のChatGPT活用ブログ,META,0,0,0,全対象,,競合分析,,泌尿器科医個人ブログ。学会スライド作成+AI活用記事でSEO
38-bigword-analysis,敗血症 診断基準 ガイドライン — 上位: 医学書院/Antaa Slide/日本感染症学会/CareNet/Minds/chigasaki-localtkt/日経メディカル/JAAM PDF/JStage/日本集中治療医学会,META,0,0,0,全対象,,ビッグKW分析,,学会公式+ガイドラインサイト支配。iwor:qSOFA/SOFAツール連携。Antaa Slide上位
38-bigword-analysis,急性膵炎 重症度判定 CT grade — 上位: ナース専科(1位)/HOKUTO/CiNii/土谷総合病院/医書.jp/厚労省研究PDF/JStage(内科学会)/北海道PDF/埼玉県PDF/三重県PDF,META,0,0,0,全対象,,ビッグKW分析,,看護系1位。HOKUTO上位。公的PDF多数。iwor:BISAP/Ransonツール連携
38-bigword-analysis,糖尿病 診断基準 HbA1c 血糖値 — 上位: むさしこやまDM CL/四谷内視鏡CL/新宿サザンCL/金沢内科CL/白金高輪CL/丹野内科CL/厚労省PDF/三田CL/大場内科CL/神戸きしだCL,META,0,0,0,全対象,,ビッグKW分析,,クリニックサイト完全支配(10件中8件がCL)。超ビッグKW。患者向けが多い。iwor:HbA1c-glucose変換ツール連携
38-bigword-analysis,高カリウム血症 鑑別 治療 — 上位: トーアエイヨー(製薬PDF)/MSD(x2)/MYメディカルCL/医学書院/ナース専科/clinicalsup/日本腎臓学会PDF/青葉メディカルCL/医学書院,META,0,0,0,全対象,,ビッグKW分析,,MSD+製薬+看護系。HOKUTO不在(チャンス)。iwor:TTKG/電解質計算ツール連携
38-bigword-analysis,DOAC ワーファリン 比較 使い分け — 上位: doctor-vision/ふくだ内科CL/m3(薬剤師)/nkdesk/岩手中央病院PDF/薬ラボ/新薬情報オンライン/心臓血管研究所PDF/日本医事新報/KusuriPro,META,0,0,0,全対象,,ビッグKW分析,,薬剤師系メディア+クリニック。HOKUTO不在。iwor:薬剤比較ツール連携
38-bigword-analysis,医師 働き方改革 2024 上限規制 — 上位: medical-jpn.jp/厚労省PDF/amano(タヨロウ)/厚労省C2ナビ/freee/dr-8.com/Dr.アルなび/さんぎょうい/wellness-sora/愛媛県庁,META,0,0,0,全対象,,ビッグKW分析,,公的機関+企業メディア(freee/タヨロウ)。バイトサイト(dr-8/Dr.アルなび)もこのKW参入。時事性高い
38-bigword-analysis,EPOC 研修記録 使い方 登録 — 上位: 大阪公立大/久留米大/東邦大/UMIN(公式)/UMIN(FAQ)/UMIN(ログイン)/久留米大PDF/UMIN(PG-EPOC)/秋田大/UMIN(説明会PDF),META,0,0,0,全対象,,ビッグKW分析,,大学+UMIN公式が完全支配。解説記事が少ない。iwor:EPOC使い方ガイド記事チャンス大
38-bigword-analysis,臨床研修 到達目標 チェックリスト — 上位: 厚労省/島根大/厚労省PDF(薬剤師)/厚労省PDF(指導GL)/久留米大/厚労省PDF/大阪公立大/厚労省PDF(2023)/note(令和の研修医)/岩手医大,META,0,0,0,全対象,,ビッグKW分析,,公的機関+大学が完全支配。わかりやすい解説記事が皆無。iwor:チェックリスト記事チャンス
38-bigword-analysis,DPC 診断群分類 検索 — 上位: 厚労省/bone.jp(DPC Web辞書)/Wikipedia/PRRISM/bone.jp(ツリー図)/市立池田病院/伊藤病院/災害医療センター/光生会病院/社保研PDF,META,0,0,0,全対象,,ビッグKW分析,,厚労省+病院サイト。新発見: bone.jp(DPC Web辞書)個人サイトで検索ツール
32-new-competitor,bone.jp DPC Web辞書,META,0,0,0,全対象,,競合分析,,DPC分類検索ツール。個人サイト。3248分類のDB
32-new-competitor,medaitool.com 病歴要約アシスト【詳細分析済】,META,0,0,0,専攻医,,競合分析(詳細),,J-OSLER病歴要約AI生成SaaS。Bubble.io+WordPress(subdomain)。~25記事(2025/6~)。無料トライアル→有料。機能: 総合考察AI生成/検査所見変換/退院処方変換。iwor直接競合。弱点: Bubble.ioの技術SEO弱/subdomain blog/ブランド認知ゼロ/DA極低。iwor優位: 173記事/強ドメイン/フルプラットフォーム
32-new-competitor,senkoi.net 内科専攻医net【詳細分析済】,META,0,0,0,専攻医,,競合分析(詳細),,WordPress/Cocoon個人ブログ。総合内科専門医が運営。~50-150記事。AdSense+Amazonアフィリ。J-OSLER/内科専門医/総合内科専門医をカバー。弱点: ツールゼロ/リテンション機構なし/数字URL(SEO弱)/単一運営者。iwor優位: ツール+Study+PRO+173記事。senkoi.netユーザー=iwor.jpのターゲットユーザー
38-bigword-analysis,BNP 基準値 心不全 正常値 — 上位: ヤンセン(製薬)/日本心不全学会(x2)/あさぶハートCL/東京メディカルCL/カーサファミリーCL/みどり病院/広島検査PDF/湘南いいだハートCL/comado,META,0,0,0,全対象,,ビッグKW分析,,製薬LP(ヤンセン)+学会公式+クリニック。超ビッグKW。HOKUTO不在→チャンス
38-bigword-analysis,D-dimer カットオフ値 肺塞栓 DVT — 上位: 福岡医師会検査PDF/日経メディカル/日本血栓止血学会/JStage/種総合病院PDF/Wiley/治験モニター/JCS2017/CareNet(x2),META,0,0,0,全対象,,ビッグKW分析,,学会+学術PDF支配。わかりやすい解説記事少ない。iwor:計算ツール連携
38-bigword-analysis,プロカルシトニン 基準値 感染症 敗血症 — 上位: LSIメディエンス/SRL/静岡赤十字PDF/xn--救急.jp/jseptic/ファルコ/sysmex-PC/JStage(日集中医誌)/聖マリアンナPDF/ラジオメーター,META,0,0,0,全対象,,ビッグKW分析,,検査会社(LSIメディエンス/SRL/ファルコ/sysmex)+検査機器(ラジオメーター)がSEO。臨床解説記事少ない
38-bigword-analysis,メトホルミン 使い方 禁忌 腎機能 — 上位: 渋谷皮膚科CL/PMDA(厚労省)/厚労省PDF/日本糖尿病協会/KEGG(x2)/日経メディカル/岡山糖尿病連携/第一三共/日本糖尿病協会,META,0,0,0,全対象,,ビッグKW分析,,公的機関(PMDA/厚労省)+学会+製薬(第一三共)。HOKUTO不在。iwor:腎機能調整抗菌薬ページの横展開で糖尿病薬版
38-bigword-analysis,循環器専門医 なり方 試験 2026 — 上位: 日本循環器学会/cardioexam.online/水戸済生会/高血圧学会PDF/takuyukiji.com/小児循環器学会/zero-doctor.com/JStage/cardioexam.online/note(cardio_exam),META,0,0,0,全対象,,ビッグKW分析,,新発見: cardioexam.online(循環器専門医試験対策サイト)。zero-doctor.com(ゼロから始める医師生活)。iwor:既存記事(q02)で参戦
32-new-competitor,cardioexam.online 循環器専門医試験対策,META,0,0,0,専攻医,,競合分析,,循環器専門医試験特化サイト。問題集+解説。SEO強い
32-new-competitor,zero-doctor.com ゼロから始める医師生活,META,0,0,0,全対象,,競合分析,,専門医試験対策おすすめ本等で上位。個人ブロガー
32-new-competitor,easytdm.com EasyTDM,META,0,0,0,全対象,,競合分析,,バンコマイシン投与設計ツール。個人サイト。iwor:TDMツール化のヒント
38-bigword-analysis,フェリチン 基準値 鉄欠乏性貧血 — 上位: MSD/ファルコ/宮武CL/日本新薬(製薬)/前田CL/田中内科CL/日本臨床検査専門医会/東京新橋透析CL/大橋内科/ララCL,META,0,0,0,全対象,,ビッグKW分析,,MSD+検査会社+クリニック。HOKUTO不在。製薬(日本新薬=フェインジェクト)がLP型SEO
38-bigword-analysis,TSH 基準値 甲状腺機能 異常 — 上位: 逗子金沢内科CL/日本内分泌学会(x2)/お茶の水甲状腺CL/蒲田やまだCL/日本甲状腺学会/横浜甲状腺CL/森上内科CL/ひるま甲状腺CL/ソニー損保,META,0,0,0,全対象,,ビッグKW分析,,甲状腺専門CL+内分泌学会が支配。超ビッグKW
38-bigword-analysis,CRP 基準値 炎症 感染症 — 上位: 東京メディカルCL/ラジオメーター/東大保健センター/mrso.jp/香川大PDF/帝京大PDF/仙台産業医科/下永谷内科CL/トーアエイヨー/船橋市医PDF,META,0,0,0,全対象,,ビッグKW分析,,人間ドック+検査機器メーカー(ラジオメーター)。超ビッグKW。HOKUTO不在
38-bigword-analysis,AST ALT 基準値 肝機能 異常 — 上位: 東京メディカルCL/仙台産業医科/さいとう内科CL/片山CL/甘木第一CL/clinicalsup/千代田健康Navi/健康年齢/ミッドタウンCL/価格.com,META,0,0,0,全対象,,ビッグKW分析,,クリニック+健診機関完全支配。clinicalsup上位。超ビッグKW
38-bigword-analysis,トロポニン 基準値 心筋梗塞 — 上位: 東京メディカルCL/福岡薬剤師会/hattramyloidosis.jp(製薬)/LSIメディエンス/日経メディカル/日本集中治療医学会PDF/ファルコ/たかしお内科CL/日本臨床検査医学会PDF/ラジオメーター,META,0,0,0,全対象,,ビッグKW分析,,検査会社+クリニック+製薬LP
38-bigword-analysis,バンコマイシン TDM 血中濃度 投与設計 — 上位: 東京医科歯科大PDF/医学書院/福島市民病院PDF/日本化学療法学会(ガイドライン)/鹿児島大ICT/環境感染誌/日本化学療法学会(PAT)/HOKUTO/easytdm.com/高知県立病院PDF,META,0,0,0,全対象,,ビッグKW分析,,学会ガイドライン+大学病院PDF。HOKUTO記事上位。新発見: easytdm.com(TDM計算ツール個人サイト)
38-bigword-analysis,動脈ライン 挿入 手技 — 上位: ナースのヒント/ナース専科/横浜市民病院(研修医日記)/MSD/厚労省PDF/看護roo/レバウェル/和歌山医大PDF/医学書院/JSEPTIC看護PDF,META,0,0,0,全対象,,ビッグKW分析,,看護系完全支配+MSD。研修医向け記事少ない
38-bigword-analysis,気管挿管 手順 コツ — 上位: Antaa Slide(1位)/ナース専科/ナースのヒント/看護roo/MSD/コキュトレ(pulmonary-training)/和歌山県PDF/m2plus(書籍)/羊土社(書籍)/ナース専科,META,0,0,0,全対象,,ビッグKW分析,,Antaa Slide1位。看護系支配。コキュトレ上位。書籍販売も
38-bigword-analysis,縫合 やり方 手技 研修医 — 上位: 一宮市民病院/医学書院/京都桂病院/TAKASE MED(練習キット販売)/gashi-blog/医学書院(書籍)/Antaa Slide/明和病院/石切生喜病院/VETS ACADEMY,META,0,0,0,全対象,,ビッグKW分析,,病院研修医ブログ+書籍+練習キット販売。Antaa Slide上位。gashi-blog(ガッシーブログ)上位
38-bigword-analysis,東京 研修病院 ランキング マッチング — 上位: hospia.jp(病院情報局x3)/HOKUTO(x2)/C-MEC/Medteria(note)/hokto.jp(ホクトレジデント)/e-resident,META,0,0,0,全対象,,ビッグKW分析,,病院情報局が年度別で複数枠。HOKUTO都道府県別ランキング記事。新発見: hospia.jp/hokto.jp/e-resident.jp
38-bigword-analysis,大阪 研修病院 人気 — 上位: m3研修病院ナビ/residentnavi/hospia.jp(x3)/医師求人ドットコム/C-MEC/HOKUTO/C-MEC,META,0,0,0,全対象,,ビッグKW分析,,m3+民間医局+病院情報局。iwor:1470病院DBで地域別記事
32-new-competitor,hospia.jp 病院情報局,META,0,0,0,全対象,,競合分析,,研修病院マッチング人気ランキング年度別。JRMP公式データ活用。iwor病院DB競合
32-new-competitor,hokto.jp ホクトレジデント,META,0,0,0,全対象,,競合分析,,研修病院見学口コミ。病院情報+マッチングサポート。iwor直接競合
32-new-competitor,e-resident.jp e-レジデント,META,0,0,0,全対象,,競合分析,,研修病院ランキング+検索。プログラム情報ポータル
32-new-competitor,cardioexam.online 循環器専門医試験対策【詳細分析要】,META,0,0,0,専攻医,,競合分析,,循環器専門医試験問題集+解説。特化型
32-new-competitor,soutorenkon.hatenablog.com 内科医ブログ,META,0,0,0,専攻医,,競合分析,,呼吸器専門医試験対策記事で1位。はてなブログ
32-new-competitor,doctor-life-career.com 呼吸器内科医パパ,META,0,0,0,専攻医,,競合分析,,呼吸器専門医試験対策記事で上位。個人ブログ
38-bigword-analysis,アムロジピン 副作用 高血圧 — 上位: asklepios-CL/yakkle/添付文書PDF/日経薬事典/くすりのしおり/梅本HC/therres.jp/ウチカラCL/ubie/amagadai-CL,META,0,0,0,全対象,,ビッグKW分析,,クリニック+オンライン診療CL支配。新発見: yakkle.jp/uchikara-clinic.com(オンライン診療系がSEO参入)
38-bigword-analysis,プレドニゾロン 副作用 漸減 — 上位: リクナビ薬剤師/うつ病ナビ/ウチカラCL(x2)/日経薬事典/東京女子医大腎臓/ubie(x2)/yakuten-ichiba/神戸きしだCL,META,0,0,0,全対象,,ビッグKW分析,,薬剤師サイト+オンライン診療CL+ubie。iwor:ステロイドツール連携
38-bigword-analysis,インスリン 種類 一覧 使い分け — 上位: 神戸きしだCL(x2)/mame-CL(x2)/DMTOWN(ノボ)/nkdesk/日経薬事典/DMTOWN/dm-rg.net/レバウェル看護,META,0,0,0,全対象,,ビッグKW分析,,クリニック+製薬(ノボ=DMTOWN)+薬剤師。新発見: dm-rg.net(糖尿病リソースガイド)
38-bigword-analysis,利尿薬 種類 使い分け — 上位: 寿製薬/薬学会/doctor-vision/KEGG/日経薬事典/ウチカラCL/厚労省(国循)PDF/Antaa Slide/添付文書PDF/medicalonline,META,0,0,0,全対象,,ビッグKW分析,,製薬+薬学会+doctor-vision。Antaa Slide上位
38-bigword-analysis,降圧薬 選び方 ガイドライン 第一選択 — 上位: 38-8931(薬剤師サイト)/ベーリンガー/日本医師会PDF/メイトウ病院/ヴィアトリス/JSH2019 PDF/doctor-vision/知念ハートCL/日本心臓財団/老年医学会PDF,META,0,0,0,全対象,,ビッグKW分析,,ガイドラインPDF+製薬(ベーリンガー/ヴィアトリス)+薬剤師サイト
32-new-competitor,yakkle.jp ヤックル,META,0,0,0,全対象,,競合分析,,オンライン診療プラットフォーム。薬剤解説記事でSEO。生活習慣病特化
32-new-competitor,uchikara-clinic.com ウチカラクリニック,META,0,0,0,全対象,,競合分析,,オンライン診療CL。薬剤解説記事で多数上位。SEO非常に強い
32-new-competitor,dm-rg.net 糖尿病リソースガイド,META,0,0,0,全対象,,競合分析,,糖尿病関連の総合情報サイト。インスリン一覧等で上位
32-new-competitor,dmtown.com DMTOWN(ノボ),META,0,0,0,全対象,,競合分析,,ノボノルディスク運営。インスリン情報で上位。製薬コンテンツマーケティング
38-bigword-analysis,PPI 種類 使い分け 比較 — 上位: 日経薬事典/エーザイ(パリエットS)/福岡天神内視鏡CL/JStage(内科学会)/田中消化器CL/エーザイ/佐藤製薬(オメプラールS)/igakukotohajime/MEDLEY/myclimatejapan,META,0,0,0,全対象,,ビッグKW分析,,製薬(エーザイ/佐藤製薬)+クリニック+日経。MEDLEY上位。新発見: MEDLEY(medley.life)
38-bigword-analysis,睡眠薬 種類 一覧 使い分け — 上位: おうち病院(anamne)(x2)/阪野CL/ウチカラCL/ふれあい漢方/柏よりそい/プライベートCL恵比寿/板谷内科CL/品川メンタルCL/青山メンタルCL,META,0,0,0,全対象,,ビッグKW分析,,オンライン診療+メンタルCL完全支配。新発見: anamne.com(おうち病院)が睡眠薬系KWで複数枠
38-bigword-analysis,せん妄 対策 薬 治療 ICU — 上位: 老年医学会PDF/高の原病院DI/JPOS(緩和ケア)GL/MSD/PMDA(厚労省)/clinicalsup/京都民医連PDF/西市民病院PDF/聖隷三方原/厚労省PDF,META,0,0,0,全対象,,ビッグKW分析,,学会GL+公的機関PDF支配。HOKUTO不在。iwor:CAM-ICU/RASSツール連携
38-bigword-analysis,胸水 鑑別 Light基準 — 上位: HOKUTO(計算)/JStage/sysmex-PC/ナース専科/医学書院/clinicalsup/医学書院/HOKUTO(記事)/水戸済生会/MSD,META,0,0,0,全対象,,ビッグKW分析,,HOKUTO(計算+記事)上位。iwor:Light基準ツール既存
38-bigword-analysis,腹水 鑑別 SAAG — 上位: まるおか病院/大垣中央病院/idaten/MSD/Bibgraph/Antaa Slide/雲南病院PDF/消化器病学会GL/医書.jp/聖隷三方原,META,0,0,0,全対象,,ビッグKW分析,,病院+学会GL+MSD。HOKUTO不在→参入チャンス。iwor:SAAGツール化可能
32-new-competitor,anamne.com おうち病院,META,0,0,0,全対象,,競合分析,,オンライン診療プラットフォーム。睡眠薬/不眠症記事で複数枠上位。SEO強い
32-new-competitor,medley.life MEDLEY(メドレー),META,0,0,0,全対象,,競合分析,,医療情報メディア大手。薬剤解説で上位。CLINICS運営元。DA高い
38-bigword-analysis,尿路感染症 抗菌薬 治療 GL — 上位: JAID/JSC GL PDF/日本泌尿器科学会/亀田感染症GL/日本化学療法学会/JStage(内科学会)/日経メディカル(x2)/日本臨床検査医学会/clinicalsup,META,0,0,0,全対象,,ビッグKW分析,,学会GL+亀田病院+日経。HOKUTO不在→参入チャンス
38-bigword-analysis,市中肺炎 抗菌薬 エンピリック — 上位: JRS GL PDF/ナース専科/愛知PDF/大阪医大/鹿児島大/m3(ファーマスタイル)/MSD/ナース専科/日経/credentials.jp,META,0,0,0,全対象,,ビッグKW分析,,学会GL PDF+看護系。HOKUTO不在→参入チャンス大
38-bigword-analysis,心房細動 治療 レートコントロール — 上位: 第一三共(x2)/東京ハートリズムCL(x2)/日本心臓リズム学会PDF/JStage(内科学会)/JCC PDF/JStage/日本医大PDF/日本心臓財団,META,0,0,0,全対象,,ビッグKW分析,,製薬(第一三共)+専門CL。循環器学会GL+日本心臓財団
38-bigword-analysis,急性冠症候群 ACS 治療 — 上位: 日本循環器学会GL PDF/日本循環器学会GL/JStage(内科学会)/国循/Antaa Slide/札幌白石記念/ノバルティス/HOKUTO/JRC(蘇生協議会)/柏崎総合PDF,META,0,0,0,全対象,,ビッグKW分析,,学会GL+Antaa+HOKUTO。製薬(ノバルティス)もACSコンテンツ
38-bigword-analysis,痛風発作 治療 コルヒチン NSAIDs — 上位: おばた内科/yakkle/両国東口CL/ノアCL/天神橋みやたけCL/clinicalsup/ウチカラCL/メディカルネットブック/富士薬品/KEGG,META,0,0,0,全対象,,ビッグKW分析,,クリニック+オンライン診療CL。yakkle/ウチカラCL再出現。患者向けが多い
38-bigword-analysis,甲状腺機能亢進症 バセドウ病 治療 — 上位: premedi/慶應KOMPAS/南池袋パークサイドCL/岐阜赤十字/隈病院(KUMApedia)/金沢大/天神橋みやたけCL/MSD/ふくおか内科CL/小児慢性特定疾病,META,0,0,0,全対象,,ビッグKW分析,,クリニック+大学+専門病院(隈病院)。新発見: KUMApedia(隈病院甲状腺辞典)
38-bigword-analysis,DVT 予防 弾性ストッキング — 上位: 静脈学会PDF/ナース専科/厚労省PDF/カーディナルヘルス/まつい血管CL/VTE予防GL/日本血栓止血学会/JStage/東京血管外科CL/ナース専科,META,0,0,0,全対象,,ビッグKW分析,,看護系+学会GL。血管外科CL上位
38-bigword-analysis,褥瘡 DESIGN-R 評価 — 上位: ネスレ栄養ネット/日本褥瘡学会/ナース専科/日本褥瘡学会PDF/almediaweb/ナースのヒント/roken(老健)/富士在宅/almediaweb/ナース専科,META,0,0,0,全対象,,ビッグKW分析,,褥瘡学会+看護系+栄養系(ネスレ)。iwor:DESIGN-Rツール既存
38-bigword-analysis,栄養管理 NST 経腸栄養 TPN — 上位: 国立長寿研/JSPEN GL PDF/ニュートリー(x3)/PDN(x2)/国立長寿研/東北大NST/ニュートリー,META,0,0,0,全対象,,ビッグKW分析,,栄養系企業(ニュートリー)+NST関連。新発見: nutri.co.jp(ニュートリー=栄養剤メーカー)がコンテンツSEO
38-bigword-analysis,医師 開業 流れ 資金 — 上位: Medical Japan/medicalcenterjp/NTT東/エムネス/freee/m3デジカル/Square/マネーフォワード/CLINICS/doctor-vision,META,0,0,0,全対象,,ビッグKW分析,,企業メディア(freee/マネーフォワード/Square)+医療系メディア。超ビッグKW。iwor:マネー機能連携
32-new-competitor,kumapedia.com 隈病院甲状腺辞典,META,0,0,0,全対象,,競合分析,,甲状腺専門病院の疾患辞典。バセドウ病等で上位。病院ブランドSEO
32-new-competitor,nutri.co.jp ニュートリー,META,0,0,0,全対象,,競合分析,,栄養剤メーカー。栄養管理/NST/経腸栄養コンテンツが極めて豊富。コンテンツマーケティングの好例
32-new-competitor,hokuto.app HOKUTO【詳細分析済】,META,0,0,0,全対象,,競合分析(詳細),,最重要競合。500+計算ツール(iwor3倍)。医師10万人会員。完全無料(製薬B2B収益=HOKUTO Marketing Solutions)。累計調達20億円超。強み:計算ツール規模/ERマニュアル52項目/医師実名E-E-A-T/記事×ツール相互リンク。弱み:ハッシュURL(SEOキーワードゼロ)/キャリア・JOSLER・Study完全不在/製薬広告混入/PC体験弱。iwor差別化:URLキーワード最適化/Study(FSRS)/JOSLER/広告ゼロ/PWAデスクトップ
32-new-competitor,slide.antaa.jp Antaa Slide【詳細分析済】,META,0,0,0,全対象,,競合分析(詳細),,JMDC子会社(2021年買収)。医師7万人+登録。2000+臨床スライド。製薬スポンサー+キャリアサービス+Antaa Academia。手技・臨床トピックKWで複数1位。強み:UGC(ユーザー生成)コンテンツの圧倒的量/無料/JMDC資本力/高エンゲージメント(7.3万PV/top slide)。弱み:計算ツールゼロ/検索はスライド内テキストに依存/リテンションはコミュニティ依存。iwor差別化:計算ツール166/Study/JOSLER/構造化されたブログ記事
32-new-competitor,ikuji-doctor.com 腎臓内科医の備忘録【詳細分析済】,META,0,0,0,専攻医,,競合分析(詳細),,腎臓内科医「おちば」運営。189記事。J-OSLER攻略23記事シリーズ(最強)。「プレゼンコツ」1位。Amazon+AdSenseマネタイズ。強み:J-OSLER一次情報/研修医KWで上位多数。弱み:腎臓偏重/ツールゼロ/更新遅/AdSense広告あり
32-new-competitor,gashi-blog.com ガッシーブログ【詳細分析済】,META,0,0,0,医学生,,競合分析(詳細),,医学生「ガッシー」運営。497記事(3競合中最大)。参考書レビュー240冊+/マッチング対策9記事シリーズ/医学生グッズ。Amazon+AdSenseアフィリ主体。強み:医学生カテゴリで圧倒的記事量/比較レビューの体系化。弱み:研修医以降のコンテンツ薄/ツールゼロ/アフィリ感強
32-new-competitor,takuyukiji.com 内科医たくゆきじ【詳細分析済】,META,0,0,0,専攻医,,競合分析(詳細),,専攻医ブロガー。心電図教科書おすすめ/学会発表スライド作り方/循環器試験対策で上位。Amazon+AdSenseマネタイズ。強み:書評の深さ/学会発表ハウツー。弱み:更新頻度低/ツールゼロ
32-new-competitor,kanzo-kensa.com 肝臓検査.com【詳細分析済】,META,0,0,0,全対象,,競合分析(詳細),,肝臓特化。8計算ツール(FIB-4/Child-Pugh等)。都道府県別フィブロスキャン施設DB。WordPress。Child-Pugh/FIB-4で1位(HOKUTO超え)。強み:ニッチ垂直統合(計算+施設DB+教育記事)/schema.org実装。弱み:肝臓限定8ツールのみ
32-new-competitor,easytdm.com EasyTDM【詳細分析済】,META,0,0,0,薬剤師,,競合分析(詳細),,徳島大発。デスクトップTDMソフト(Win)。10薬剤対応(VCM/PHT/Theophylline等)。30日無料→有料ライセンス。JSTDM推奨。iwor脅威:なし(薬剤師向けデスクトップ)
32-new-competitor,medical.tokyo MedCalc【詳細分析済】,META,0,0,0,全対象,,競合分析(詳細),,医療計算サイト。Wells PE/HAS-BLED等で上位。HTML/JS計算ツール。規模・SEO強度はiwor以下
32-new-competitor,dr-10.com 医師転職研究所【詳細分析済】,META,0,0,0,全対象,,競合分析(詳細),,メディウェル(医師転職ドットコム)運営。100-200+記事。dr-10.com/lab(調査データ)+epilogi(キャリアマガジン)。「医局辞め方」1位。医師アンケート一次データ戦略。強み:企業資本/一次データ/転職CVファネル確立。弱み:臨床ツールゼロ/転職意向なし医師にリーチ不可
32-new-competitor,kinmui.com 勤務医ドットコム【詳細分析済】,META,0,0,0,全対象,,競合分析(詳細),,WINX社(不動産コンサル)運営。1006記事(!最大規模)。節税/iDeCo/不動産投資/確定申告。リードジェネ→コンサル送客。強み:圧倒的記事量/専門家信頼性/8年運営のDA。弱み:臨床ツール・学習ゼロ/不動産送客が目的
32-new-competitor,stressfree-doctor.com りん先生【詳細分析済】,META,0,0,0,専攻医,,競合分析(詳細),,麻酔科医「りん」運営。30-50記事。医師バイト/退局/副業。アフィリ(転職エージェント高単価)主体。強み:体験談ベースの共感力/「医局辞め方」で個人として健闘。弱み:記事数少/臨床ゼロ
32-new-competitor,docforfamily.com ビジネスマン勤務医【詳細分析済】,META,0,0,0,全医師,,競合分析(詳細),,当直持ち物/学会持ち物/名刺作り方等のライフスタイル記事。医師のQOLグッズ物販。小規模だがニッチKWで上位
32-new-competitor,doctor-kinmu.com 勤務医のマーチ【詳細分析済】,META,0,0,0,全医師,,競合分析(詳細),,退局切り出し方記事で上位。勤務医キャリアブログ。Amazon+AdSense
38-bigword-analysis,英語 論文 読み方 コツ 医師 — 上位: 医学書院(書籍)/nonbiriqq.com/金原出版(書籍)/iwadai.xsrv.jp/ikuji-doctor/clinos.com/medinfosearch.jp/東大PDF/drmagician.exblog.jp/epilogi(dr-10),META,0,0,0,全対象,,ビッグKW分析,,書籍+ブロガー。新発見: nonbiriqq.com(のんびり救急)が2位。drmagician(EARLの医学ノート)も
38-bigword-analysis,研修医 当直 マニュアル 救急 — 上位: m3研修病院ナビ/doctor-vision/民間医局コネクト/m3/HOKUTO/nogusan/note(研修医勉強用)/m2plus/M3E Medical/医書.jp,META,0,0,0,全対象,,ビッグKW分析,,書籍推薦系が支配。HOKUTO記事。m3/民間医局/doctor-vision=転職メディアがコンテンツで参入
38-bigword-analysis,不明熱 鑑別 フローチャート — 上位: JSLM PDF/JStage(内科学会)/clinicalsup/HOKUTO/MSD/自己炎症性疾患PDF/国府台病院/文光堂(書籍)/Antaa Slide/clinicalsup(小児),META,0,0,0,全対象,,ビッグKW分析,,学術PDF+臨床支援系(clinicalsup/HOKUTO/MSD)。Antaa Slide上位
38-bigword-analysis,腎代替療法 透析 CRRT 適応 — 上位: 東大透析部(x2)/旭化成メディカル/バクスター/中外医学社/JStage(内科学会)/日本急性血液浄化学会/日機装/JSEPTIC/聖隷浜松PDF,META,0,0,0,全対象,,ビッグKW分析,,大学+医療機器メーカー(旭化成/バクスター/日機装)がコンテンツSEO
38-bigword-analysis,人工呼吸器 設定 モード 研修医 — 上位: ナース専科/hospitalist-gimブログ/メディカ出版/急性期ケア協会/医学書院/レバウェル/respiresi(ピクトグラム呼吸器)/Antaa Slide/看護roo/羊土社,META,0,0,0,全対象,,ビッグKW分析,,看護系+書籍支配。新発見: hospitalist-gimブログ(Hospitalistなんでも無い科医)/respiresi.exblog.jp(ピクトグラムでわかる呼吸器内科)
32-new-competitor,nonbiriqq.com のんびり救急,META,0,0,0,全対象,,競合分析,,救急医個人ブログ。英語論文読み方記事で2位。救急系記事
32-new-competitor,hospitalist-gim.blogspot.com Hospitalistブログ,META,0,0,0,全対象,,競合分析,,ER呼吸器設定記事で上位。総合内科医ブログ。Blogspot
32-new-competitor,respiresi.exblog.jp ピクトグラム呼吸器,META,0,0,0,全対象,,競合分析,,呼吸器内科教育ブログ。人工呼吸器設定で上位
38-bigword-analysis,医師 副業 おすすめ 種類 — 上位: theories.co.jp/residoctor/medical-career-navi/マイナビDOCTOR/method-innovation/lotsful/obgynai(Tommy blog)/ドクため/ishishisankeisei/在宅医療ナビ,META,0,0,0,全対象,,ビッグKW分析,,アフィリメディア+転職メディア支配。新発見: residoctor.com(レジドクター)/obgynai.com(産婦人科AIブログ)
38-bigword-analysis,医師 結婚 タイミング 相手 — 上位: dr-connect/doctor-vision/medical-career-navi/エクセレンス青山(結婚相談所)/doctor-vision(女性医師)/ゴールドオンライン/ドクターコンシェルジュ/スターマリアージュ/med-eye/インフィニ,META,0,0,0,全対象,,ビッグKW分析,,転職メディア+結婚相談所(!)がSEO参入。「医師 結婚」は結婚相談所のアフィリKW
38-bigword-analysis,医師 妊娠 出産 産休 — 上位: アカチャンホンポ/エナレディースCL/厚労省/マネコミ/神戸大/NIPT Japan/JAOG女性医師支援/滋賀労働局PDF/HITOWA/生命保険文化センター,META,0,0,0,全対象,,ビッグKW分析,,一般産休情報が支配。「医師」特化の記事が少ない。iwor既存記事で差別化可能
38-bigword-analysis,ガイドライン 最新 まとめ 内科 — 上位: CareNet/日経メディカル/Minds/桂川さいとうCL/わらび内科CL/TrustLogin(!)/日経メディカル/ユヤマ/ライフサイエンス出版/メディカルレビュー社,META,0,0,0,全対象,,ビッグKW分析,,CareNet+日経がガイドラインまとめで強い。Minds(公的)も。iwor:ガイドライン更新まとめ定期記事の機会
32-new-competitor,residoctor.com レジドクター,META,0,0,0,全対象,,競合分析,,医師副業ランキング等で上位。転職/副業メディア
32-new-competitor,obgynai.com Tommy blog(産婦人科AI),META,0,0,0,全対象,,競合分析,,産婦人科医個人ブログ。在宅ワーク/副業記事で上位
38-bigword-analysis,医学生 iPad 勉強法 ノート — 上位: メディックメディア(INFORMA)/digista.net(x2)/グリットメディカル/yurudream(しおんブログ)/note(ちひろ)/digista.net/メディデジ(n-igaku)/medmixer/ナスガジェ,META,0,0,0,全対象,,ビッグKW分析,,でじすたねっと(digista.net)が複数枠。メディックメディアも上位。超ビッグKW
38-bigword-analysis,Anki 医学 デッキ 使い方 — 上位: INFORMA(x2)/igakutankyuu/dancing-doctor/mentholreal/moritayugo/Quora/docforfamily/yurudream/ほむくまブログ,META,0,0,0,全対象,,ビッグKW分析,,個人ブロガー多数。iwor:FSRS vs Anki比較記事で直接ターゲット可能
38-bigword-analysis,医師 AI ChatGPT 臨床 — 上位: 医学書院(x2)/ききょう会/MoMo/MEDISMA/SBクリエイティブ/羊土社/PHC(メディコム)/WEEL/医学書院,META,0,0,0,全対象,,ビッグKW分析,,書籍+企業メディア。iwor:AI系10+記事で既に参戦中
32-new-competitor,digista.net でじすたねっと【詳細分析要】,META,0,0,0,医学生,,競合分析,,iPad勉強法で複数上位。医師運営。デジタル学習特化。要詳細分析
32-new-competitor,mentholreal.com メンソール,META,0,0,0,医学生,,競合分析,,Anki使い方記事。個人ブログ
32-new-competitor,moritayugo.com Yugo Morita Dev,META,0,0,0,全対象,,競合分析,,Anki完全ガイド。開発者ブログ
32-new-competitor,dancing-doctor.com 踊る救急医,META,0,0,0,全対象,,競合分析,,Anki+HOKUTO紹介記事。救急医ブログ
32-new-competitor,m-e-dicine.com MEDICINE予備校【詳細分析済】,META,0,0,0,医学生,,競合分析(詳細),,東大卒医師運営。~12記事。¥74K/150min個別指導。CBT/国試で上位多数。競合比較記事でアグレッシブSEO。強み:東大ブランド/100%合格率。弱み:超高額(~¥1M)/デジタルプロダクトなし/卒後医師には無関係
32-new-competitor,igakuseidojo.com 医学生道場【詳細分析済】,META,0,0,0,医学生,,競合分析(詳細),,全国8拠点の個別指導塾。100-200+記事(2013年~)。料金非公開(相談制)。CBT/国試/留年対策。強み:最長運営歴/DA高/94.1%合格率。弱み:デジタルプロダクトなし/料金不透明/卒後無関係
32-new-competitor,gomec.co.jp MEC予備校【詳細分析済】,META,0,0,0,医学生,,競合分析(詳細),,最大手国試予備校。50-80+記事。4キャンパス+WEBスクール。312名在籍。92.1%合格率。¥1-3M/年。強み:市場リーダー/最高合格率/3048+指導。弱み:超高額/SEO記事薄/卒後無関係
32-new-competitor,medu4.com medu4【詳細分析済】,META,0,0,0,医学生,,競合分析(詳細),,穂澄先生の動画講座。2025年12月新規購入終了→2028年3月完全終了！医学生2人に1人が利用。iwor最大の獲得機会：medu4ユーザーの受け皿としてStudy(FSRS)を訴求可能
32-new-competitor,medie.site MediE【詳細分析済】,META,0,0,0,医学生,,競合分析(詳細),,東京+大阪の個別指導。30-60+記事。¥8.8K~/session(最安)。留年対策特化。弱み:SEO薄/ニッチ
32-new-competitor,medace.jp MedAce【詳細分析済】,META,0,0,0,医学生,,競合分析(詳細),,新参(2025年~)。9記事。¥65K/session。AI過去問分析+Slack/LINE24h対応。82大学対応。弱み:DA最低/新参
32-new-competitor,hospia.jp 病院情報局【詳細分析済】,META,0,0,0,医学生,,競合分析(詳細),,DPCデータベースから研修病院ランキング。~1026病院。¥1000/月プレミアム。JRMP公式データ活用。強み:臨床実績データ(925万退院患者)。弱み:マッチングアルゴリズムなし/情報閲覧のみ
32-new-competitor,hokto.jp ホクトレジデント【詳細分析済】,META,0,0,0,医学生,,競合分析(詳細),,病院見学口コミNo.1。UGCレビュー。アプリゲート。強み:ピアレビューの量/信頼性。弱み:主観的/アルゴリズムなし。HOKUTO(hokuto.app)とは別ブランドの可能性
32-new-competitor,e-resident.jp e-レジデント【詳細分析済】,META,0,0,0,医学生,,競合分析(詳細),,研修病院検索+動画見学+国試過去問。病院PRプレースメント収益。弱み:ランキング方法論不透明/バイアス
32-new-competitor,c-mec.jp C-MEC【詳細分析済】,META,0,0,0,医学生,,競合分析(詳細),,マッチング面接対策特化(質問集/見学マナー)。年次マッチングデータ再公開。Doctor's Voiceインタビュー。強み:ソフトスキルコンテンツ最強。弱み:病院データ薄/アルゴリズムなし
32-new-competitor,residentnavi.com 民間医局レジナビ【詳細分析済】,META,0,0,0,医学生,,競合分析(詳細),,最大手。720プログラム+2051専門研修。レジナビFair(850病院参加=日本最大合同説明会)。10分動画。TikTok集客。強み:物理イベントの堀/規模。弱み:アルゴリズムなし/病院広告バイアス
32-new-competitor,career.m3.com/kenshunavi m3研修病院ナビ【詳細分析済】,META,0,0,0,医学生,,競合分析(詳細),,m3の研修病院検索。1279病院(最多)。23専門フィルタ。レビュー評価。強み:最大病院数/m3ブランド/充実フィルタ。弱み:アルゴリズムなし/製薬マーケ主目的。iwor差別化:1470病院DB+マッチングアルゴリズム+学生サイド課金(バイアスゼロ)
32-new-competitor,usmlego.com USMLE GO,META,0,0,0,医学生,,競合分析,,USMLE概要/勉強法。USMLE受験情報特化サイト
32-new-competitor,teamwada.net Team WADA,META,0,0,0,医学生,,競合分析,,臨床留学情報。アメリカ臨床留学への道
32-new-competitor,pro.boehringer-ingelheim.com/jp ベーリンガー【詳細分析済】,META,0,0,0,全対象,,競合分析(詳細),,CHADS2+CCr計算をPrazaxa(ダビガトラン)LP内に設置。医師認証ゲート。強み:製薬ブランド信頼性。弱み:認証必要/自社薬コンテキスト限定。iwor差別化:認証不要+中立性
32-new-competitor,siadh.jp 大塚製薬SIADH.JP【詳細分析済】,META,0,0,0,全対象,,競合分析(詳細),,低Na血症フローチャート+鑑別診断。計算ツールなし(!)。iwor機会:Na補正速度計算ツールで補完的上位可能
32-new-competitor,medical.eisai.jp エーザイ【詳細分析済】,META,0,0,0,全対象,,競合分析(詳細),,FIB-4計算ページ。肝臓学会公認。iworのFIB-4最大の競合(★★★★★)。詳細解説+関連ツールリンクで差別化
32-new-competitor,nipponkayaku.co.jp 日本化薬【詳細分析済】,META,0,0,0,全対象,,競合分析(詳細),,BSA計算(抗がん剤投与量用)。医師認証ゲート。iwor:認証不要BSAで優位
32-new-competitor,dmtown.com DMTOWN(ノボ)【詳細分析済】,META,0,0,0,全対象,,競合分析(詳細),,ノボノルディスク運営インスリン情報。患者向けメイン。iwor:医師向け使い分け記事で差別化
32-new-competitor,med2.daiichisankyo-ep.co.jp 第一三共Assist【詳細分析済】,META,0,0,0,全対象,,競合分析(詳細),,循環器情報サイト。不整脈/ACS/心不全。医師認証ゲート。コンテンツマーケティング型
32-new-competitor,www.kango-roo.com 看護roo【詳細分析済】,META,0,0,0,全対象,,競合分析(詳細),,看護師向け最大メディア。GCS/滴下速度/気管挿管等で1位多数。5000+記事。クイック社運営。強み:圧倒的記事量+DA。弱み:看護師向け=医師向け精度低/2017-2020年古い記事多。iwor:「[スコア名] 計算」+「医師」複合クエリで勝てる
32-new-competitor,knowledge.nurse-senka.jp ナース専科【詳細分析済】,META,0,0,0,全対象,,競合分析(詳細),,看護師向け学習メディア。Hunt-Hess/CHADS2/DESIGN-R等で上位。エス・エム・エス運営。強み:高DA/網羅的。弱み:看護師視点/古い記事
32-new-competitor,kango.mynavi.jp マイナビ看護【詳細分析済】,META,0,0,0,全対象,,競合分析(詳細),,マイナビ看護のNursePlus。NIHSS/GCS等で上位。強み:マイナビのDA。弱み:看護師向け
32-new-competitor,kango-oshigoto.jp レバウェル看護【詳細分析済】,META,0,0,0,全対象,,競合分析(詳細),,看護師転職×学習。SOFA/A-line等。レバレジーズ運営。強み:大手DA。弱み:転職送客が主目的
32-new-competitor,j-depo.com ナースのヒント【詳細分析済】,META,0,0,0,全対象,,競合分析(詳細),,看護師学習メディア。A-line/気管挿管/DESIGN-R等で上位。強み:実践的手技記事。弱み:更新遅い/2017年記事多い。iwor:新鮮なコンテンツで置換可能
32-new-competitor,msdmanuals.com MSDマニュアル【詳細分析済】,META,0,0,0,全対象,,競合分析(詳細),,MSD(メルク)のプロフェッショナル版。175計算ツール埋込。世界ランク~2879位。完全無料。強み:最高権威/圧倒的DA/175計算ツール。弱み:計算ツールは長文記事内に埋没/モバイルUX劣。iwor:スタンドアロン計算UXで差別化
32-new-competitor,medical.nikkeibp.co.jp 日経メディカル【詳細分析済】,META,0,0,0,全対象,,競合分析(詳細),,最大手医療ニュース。~22万医師会員。~23-29M PV/月。処方薬事典。強み:圧倒的DA+会員数。弱み:製薬広告モデル。計算ツールなし。iwor:JOSLER/Study/計算ツールで棲み分け
32-new-competitor,carenet.com CareNet【詳細分析済】,META,0,0,0,全対象,,競合分析(詳細),,医師向けニュース。~24万会員。CareNeTV(動画)。製薬B2B(MRplus)。強み:論文要約+動画。弱み:計算ツールなし。iwor:JOSLER/Study空間で非競合
32-new-competitor,ubie.app Ubie【詳細分析済】,META,0,0,0,全対象,,競合分析(詳細),,AI問診サービス。臨床Q&A記事でSEO(補正Ca/CHADS2等)。病院B2B SaaS。iwor脅威:Very Low(患者向け)
32-new-competitor,m2plus.com M2PLUS【詳細分析済】,META,0,0,0,全対象,,競合分析(詳細),,医学電子書籍。~34万会員(m3統合)。参考書推薦ページがSEO上位。iwor脅威:None(書籍EC)
32-new-competitor,nogusan.com ノグサン【詳細分析済】,META,0,0,0,全対象,,競合分析(詳細),,医学書まとめサイト。~80-120記事。書籍アフィリ。「研修医参考書」上位。脅威:MEDIUM
32-new-competitor,keiyouwhite.com 外科医の視点(山本健人)【詳細分析済】,META,0,0,0,全対象,,競合分析(詳細),,累計PV1300万超。著書20万部超。「研修医参考書」KW制圧。脅威:HIGH(参考書KW)。ただしJOSLER/ツール系は手薄
32-new-competitor,nonbiriqq.com のんびり救急【詳細分析済】,META,0,0,0,全対象,,競合分析(詳細),,~30-50記事。「英語論文読み方」2位。救急×臨床研究ニッチ。脅威:LOW
32-new-competitor,zero-doctor.com ゼロから始める医師生活【詳細分析済】,META,0,0,0,全対象,,競合分析(詳細),,~200-300記事。専門医試験対策を多科で網羅。転職アフィリ。脅威:MEDIUM-HIGH(専門医試験KW直接競合)
32-new-competitor,doctor-life-career.com 呼吸器内科医パパ【詳細分析済】,META,0,0,0,全対象,,競合分析(詳細),,~50-80記事。呼吸器専門医ニッチ特化。脅威:LOW
32-new-competitor,kensyui-doctor.com 専攻医AKの日記【詳細分析済】,META,0,0,0,全対象,,競合分析(詳細),,~80-120記事。心エコー教科書等の書籍レビュー。脅威:LOW
32-new-competitor,hospitalist-gim.blogspot.com Hospitalistブログ【詳細分析済】,META,0,0,0,全対象,,競合分析(詳細),,~200-300記事(2014~2021)。人工呼吸器設定等。更新停滞。Blogspot=DA弱。脅威:LOW
32-new-competitor,mk-med.hatenablog.com Med-Hobbyist【詳細分析済】,META,0,0,0,全対象,,競合分析(詳細),,~150-250記事。臨床推論/NEJM抄読。はてなブログ=DA弱。脅威:LOW
32-new-competitor,free-doc.hatenablog.com フリドク【詳細分析済】,META,0,0,0,全対象,,競合分析(詳細),,~80-100記事。フリーランス医師/転職特化。書籍出版済。脅威:LOW
32-new-competitor,drtaisho.com らーめんどくたー【詳細分析済】,META,0,0,0,全対象,,競合分析(詳細),,~60-100記事。JOSLER病歴要約/テンプレート/修了要件で上位多数。**iworブログの最直接的JOSLER競合**。脅威:HIGH
32-new-competitor,note.com/cardiology_m ドクター・ミュラー【分析済】,META,0,0,0,全対象,,競合分析(分析済),,~25記事。循環器(ACS/AF)。GRACE計算で上位。脅威:MEDIUM
32-new-competitor,note.com/dharma_ph おにだるま【分析済】,META,0,0,0,全対象,,競合分析(分析済),,~10記事。研修医向け内科テキスト¥4000。脅威:LOW
32-new-competitor,note.com/kochoniide 新出孤蝶【分析済】,META,0,0,0,全対象,,競合分析(分析済),,~189記事。医学教育+映画混在。脅威:LOW
32-new-competitor,note.com/li_fe_igaku リーフェ医学情報【分析済】,META,0,0,0,全対象,,競合分析(分析済),,~101記事。入試/国試/地域枠。有料記事¥1480。脅威:LOW
32-new-competitor,note.com/lovely_hyssop216 かいのーと【分析済】,META,0,0,0,全対象,,競合分析(分析済),,~168記事。マッチング対策。有料マガジン¥1500-10000。脅威:LOW-MEDIUM
32-new-competitor,note.com/maitakenorth わん【分析済】,META,0,0,0,全対象,,競合分析(分析済),,~27記事。J-OSLER概要。脅威:MEDIUM
32-new-competitor,tamago-dofu.com さんてブログ【分析済】,META,0,0,0,全対象,,競合分析(分析済),,~63記事。医学生iPad/Anki。脅威:LOW
32-new-competitor,yurudream.com しおんブログ【分析済】,META,0,0,0,全対象,,競合分析(分析済),,~100+記事。iPad×Anki特化。Slackコミュ保有。脅威:MEDIUM(Study競合)
32-new-competitor,ricecakemochi.com 研修医室に引きこもり【分析済】,META,0,0,0,全対象,,競合分析(分析済),,~2500+記事(10年分)。雑多日記型。SEO弱。脅威:LOW
32-new-competitor,senkouhana.hatenablog.com 専攻医うーはな【分析済】,META,0,0,0,全対象,,競合分析(分析済),,~10記事。2020-2022更新停止。脅威:LOW
32-new-competitor,pyecracker99.hatenablog.com わくば【分析済】,META,0,0,0,全対象,,競合分析(分析済),,~40記事。プログラマー×医学生。脅威:LOW
32-new-competitor,cork31-naikai.com 基礎研究×内科医【分析済】,META,0,0,0,全対象,,競合分析(分析済),,~96記事。海外留学/Fellowship。脅威:LOW-MEDIUM
32-new-competitor,benmochi.com BEN-MOCHI【分析済】,META,0,0,0,全対象,,競合分析(分析済),,~50+記事。CBT92%勉強法。脅威:LOW
32-new-competitor,igakutankyuu.com 探究者の独り言【分析済】,META,0,0,0,全対象,,競合分析(分析済),,~15-20記事。Anki×医学。「Anki医学」上位。脅威:MEDIUM(Study KW競合)
32-new-competitor,dr-8.com 医師バイトドットコム【分析済】,META,0,0,0,全対象,,競合分析(分析済),,求人DB中心。47都道府県40+科。医師無料/医療機関成功報酬。脅威:LOW
32-new-competitor,dr-ar-navi.jp ドクターアールナビ【分析済】,META,0,0,0,全対象,,競合分析(分析済),,50-80記事。転職/退局。脅威:LOW
32-new-competitor,medrt.com MRT【分析済】,META,0,0,0,全対象,,競合分析(分析済),,40000+求人。税務相談紹介も。脅威:LOW
32-new-competitor,recruit-dc.co.jp リクルートDC【分析済】,META,0,0,0,全対象,,競合分析(分析済),,15500+求人。リクルートグループ。脅威:LOW
32-new-competitor,ishibestcareer.com 医師ベストキャリア【分析済】,META,0,0,0,全対象,,競合分析(分析済),,50-75記事。医師給与/転職。脅威:LOW
32-new-competitor,drsidejob.com 医師の副業ナビ【分析済】,META,0,0,0,全対象,,競合分析(分析済),,15-20記事。副業/ふるさと納税/iDeCo。脅威:MEDIUM(money KW重複)
32-new-competitor,ishishisankeisei.com 医師資産形成.com【分析済】,META,0,0,0,全対象,,競合分析(分析済),,50-100記事。不動産投資/節税。リード獲得→金融紹介。脅威:MEDIUM
32-new-competitor,residoctor.com レジドクター【分析済】,META,0,0,0,全対象,,競合分析(分析済),,多数記事。キャリア/副業/臨床20+科。2026年更新中。脅威:HIGH(ブログKW直接競合)
32-new-competitor,xn--o1qq22cjlllou16giuj.jp 医師バイト比較【分析済】,META,0,0,0,全対象,,競合分析(分析済),,50-100+記事。バイト比較+税金+ふるさと納税。アフィリ特化。脅威:HIGH(money KW完全一致)
32-new-competitor,stroke-lab.com STROKE LAB【分析済】,META,0,0,0,全対象,,競合分析(分析済),,脳卒中リハビリ施設+教育。YouTube1万+。NIHSS/mRSで上位。脅威:LOW
32-new-competitor,brainavi.com 脳ナビ【分析済】,META,0,0,0,全対象,,競合分析(分析済),,8-9記事。脳卒中特化。脅威:LOW
32-new-competitor,pulmonary-training.com コキュトレ【分析済】,META,0,0,0,全対象,,競合分析(分析済),,20+コース。呼吸器eラーニング。個人運営。脅威:LOW
32-new-competitor,ichiba-md.com 医知場【分析済】,META,0,0,0,全対象,,競合分析(分析済),,255+記事。内科疾患解説。2006年~。CHADS2上位。脅威:LOW-MEDIUM
32-new-competitor,jinzounet.pro 腎臓ネット【分析済】,META,0,0,0,全対象,,競合分析(分析済),,22年運営。動画16+/PDF8冊/アプリ2本。FENa/低Na上位。脅威:MEDIUM(腎臓特化)
32-new-competitor,dobashin.exblog.jp 心房細動な日々【分析済】,META,0,0,0,全対象,,競合分析(分析済),,2005年~398+ページ。日経メディカル連載。HAS-BLED上位。脅威:LOW
32-new-competitor,cardioexam.online 循環器専門医試験対策【分析済】,META,0,0,0,全対象,,競合分析(分析済),,循環器試験問題集。会員制。脅威:LOW-MEDIUM
32-new-competitor,proceduresconsult.jp Procedures Consult【分析済】,META,0,0,0,全対象,,競合分析(分析済),,Elsevier系手技動画。有料法人契約。脅威:MEDIUM
32-new-competitor,medicpulse.org Medicpulse【分析済】,META,0,0,0,全対象,,競合分析(分析済),,16言語対応計算ツール。脅威:MEDIUM(国際計算ツール競合)
32-new-competitor,ccr-egfr.online eGFR専門計算【分析済】,META,0,0,0,全対象,,競合分析(分析済),,eGFR/CCr/eGFRcys 3ツール+FAQ+症例。脅威:LOW
32-new-competitor,dm-rg.net 糖尿病リソースガイド【分析済】,META,0,0,0,全対象,,競合分析(分析済),,糖尿病専門誌200号。薬剤DB。脅威:LOW-MEDIUM
32-new-competitor,doctock.jp Doctock【分析済】,META,0,0,0,全対象,,競合分析(分析済),,心臓リハビリ×健保連携。NEWS2上位。脅威:LOW
32-new-competitor,er-collection.jp ER Collection【分析済】,META,0,0,0,全対象,,競合分析(分析済),,救急×AI報道メディア。脅威:LOW
32-new-competitor,medichen.tokyo Medichen【分析済】,META,0,0,0,全対象,,競合分析(分析済),,600+記事。医学部受験生向け。脅威:LOW(対象異なる)
32-new-competitor,closedi.jp CloseDi【分析済】,META,0,0,0,全対象,,競合分析(分析済),,薬剤師向けQ&A。会員制。脅威:LOW
32-new-competitor,uchikara-clinic.com ウチカラクリニック【分析済】,META,0,0,0,全対象,,競合分析(分析済),,~110記事。オンライン診療。薬剤解説多数。脅威:LOW(患者向け)
32-new-competitor,yakkle.jp ヤックル【分析済】,META,0,0,0,全対象,,競合分析(分析済),,~140記事。生活習慣病特化オンライン診療。脅威:LOW(患者向け)
32-new-competitor,anamne.com おうち病院【分析済】,META,0,0,0,全対象,,競合分析(分析済),,~100記事。睡眠薬/肥満/花粉症。脅威:LOW(患者向け)
32-new-competitor,ashitano.clinic よりそいメンタルCL【分析済】,META,0,0,0,全対象,,競合分析(分析済),,~20ページ。メンタルCL。脅威:LOW
32-new-competitor,medley.life MEDLEY【分析済】,META,0,0,0,全対象,,競合分析(分析済),,500-1000+記事。疾患/薬剤/検査。CLINICS/ジョブメドレー運営。脅威:MEDIUM(薬剤KW間接競合)
32-new-competitor,one-doctor-cmic.com ワンドクター【分析済】,META,0,0,0,全対象,,競合分析(分析済),,50-100記事。CMIC系。医師キャリア/転職/年収。脅威:MEDIUM(キャリアKW競合)
32-new-competitor,med-eye.co.jp med-eye【分析済】,META,0,0,0,全対象,,競合分析(分析済),,30-80記事。転職/年収/QOL。脅威:MEDIUM(キャリアKW競合)
32-new-competitor,medpeer.jp MedPeer【分析済】,META,0,0,0,全対象,,競合分析(分析済),,医師17万人登録。薬剤口コミ60万件。日本最大医師コミュニティ。脅威:HIGH(医師の時間・注意を奪う存在。ただし直接SEO競合ではない。連携/補完ポジション推奨)
32-new-competitor,clius.jp CLIUS【分析済】,META,0,0,0,全対象,,競合分析(分析済),,1880記事。クリニック開業/経営。EMR SaaS。脅威:LOW(開業医向け=層ズレ)
32-new-competitor,igaku-shoin.co.jp 医学書院【分析済】,META,0,0,0,全対象,,競合分析(分析済),,最大手医学出版。脅威:LOW(出版社。静的コンテンツ販売)
32-new-competitor,yodosha.co.jp 羊土社【分析済】,META,0,0,0,全対象,,競合分析(分析済),,レジデントノート等研修医向け書籍。脅威:LOW-MEDIUM(ターゲット重なるが物販モデル)
32-new-competitor,medmixer.com MED MIXER【分析済】,META,0,0,0,全対象,,競合分析(分析済),,iPad勉強法ブログ。受験生中心。脅威:LOW
32-new-competitor,med.toaeiyo.co.jp トーアエイヨー【分析済】,META,0,0,0,全対象,,競合分析(分析済),,循環器製薬。ECG解説/心電図教材。脅威:LOW
32-new-competitor,nutri.co.jp ニュートリー【分析済】,META,0,0,0,全対象,,競合分析(分析済),,栄養剤メーカー。NST/褥瘡教育コンテンツ豊富。脅威:LOW
32-new-competitor,adpkd.jp 大塚製薬ADPKD【分析済】,META,0,0,0,全対象,,競合分析(分析済),,ADPKD患者向けLP。PKD Diaryアプリ。脅威:LOW
32-new-competitor,gastro-kumamoto-u.com 熊本大消化器【分析済】,META,0,0,0,全対象,,競合分析(分析済),,FIB-4計算。大学医局サイト。脅威:LOW
32-new-competitor,tokudai-kanshikkan.jp 徳大肝疾患【分析済】,META,0,0,0,全対象,,競合分析(分析済),,FIB-4計算。地域限定。脅威:LOW
32-new-competitor,shimanegp.com 島根大総合診療【分析済】,META,0,0,0,全対象,,競合分析(分析済),,総合診療研修ネットワーク。CT読影記事。脅威:LOW
32-new-competitor,j-athero.org 動脈硬化学会【分析済】,META,0,0,0,全対象,,競合分析(分析済),,FIB-4ツール。学会公式。脅威:LOW
32-new-competitor,js-phlebology.jp 日本静脈学会【分析済】,META,0,0,0,全対象,,競合分析(分析済),,Wells DVT PDF。学会公式。脅威:LOW
32-new-competitor,jsn.or.jp 日本腎臓学会【分析済】,META,0,0,0,全対象,,競合分析(分析済),,腎機能計算。学会公式。脅威:LOW
32-new-competitor,amr.jihs.go.jp 国立感染症研究所AMR【分析済】,META,0,0,0,全対象,,競合分析(分析済),,抗菌薬適正使用。厚労省系。脅威:LOW
32-new-competitor,keisan.site 高精度計算サイト【分析済】,META,0,0,0,全対象,,競合分析(分析済),,BSA等汎用計算。高DA(CASIO系)。脅威:LOW(医療特化でない)
32-new-competitor,henry-app.jp Henry【分析済】,META,0,0,0,全対象,,競合分析(分析済),,電子カルテベンダー。退院サマリ記事。脅威:LOW
32-new-competitor,connect.doctor-agent.com 民間医局コネクト【分析済】,META,0,0,0,全対象,,競合分析(分析済),,民間医局のコンテンツ部門。研修医参考書(年度別10選)で上位多数。書籍レビュー+キャリア記事。脅威:MEDIUM(参考書KW競合)
32-new-competitor,hop-job.com ミライトーチ【分析済】,META,0,0,0,全対象,,競合分析(分析済),,転職メディア。脅威:LOW-MEDIUM
32-new-competitor,my-best.com マイベスト【分析済】,META,0,0,0,全対象,,競合分析(分析済),,比較サイト大手。転職サイト比較で上位。DA極高。脅威:MEDIUM(間接SEO競合)
32-new-competitor,financial-field.com ファイナンシャルフィールド【分析済】,META,0,0,0,全対象,,競合分析(分析済),,マネー系大手。医師向け記事は少数。脅威:LOW
32-new-competitor,nature-inter.com 芦田ジェームズ【分析済】,META,0,0,0,全対象,,競合分析(分析済),,富裕層向けコンサル。節税記事。脅威:MEDIUM
32-new-competitor,dancing-doctor.com 踊る救急医【分析済】,META,0,0,0,全対象,,競合分析(分析済),,Anki+HOKUTO紹介。救急医ブログ。脅威:LOW
32-new-competitor,digista.net でじすたねっと【分析済】,META,0,0,0,全対象,,競合分析(分析済),,iPad勉強法で複数上位。医師運営。脅威:LOW-MEDIUM(iPad/勉強法KW)
32-new-competitor,mentholreal.com メンソール【分析済】,META,0,0,0,全対象,,競合分析(分析済),,Anki使い方記事。脅威:LOW
32-new-competitor,n-igaku.com メディデジ【分析済】,META,0,0,0,全対象,,競合分析(分析済),,iPad医学アプリ紹介。脅威:LOW
32-new-competitor,ckd-research.jp 厚労省腎疾患研究【分析済】,META,0,0,0,全対象,,競合分析(分析済),,政府eGFR計算。SEO権威性極高。UX劣悪。脅威:LOW-MEDIUM
32-new-competitor,kanri.nkdesk.com nkdesk管理薬剤師【分析済】,META,0,0,0,全対象,,競合分析(分析済),,薬剤師向けeGFR/CCr/投与量計算。脅威:LOW-MEDIUM
32-new-competitor,keisan.site 高精度計算サイト【分析済】,META,0,0,0,全対象,,競合分析(分析済),,1000種+汎用計算。BMI/BSA等でSERP被り。脅威:LOW
32-new-competitor,calc-site.com 計算サイト【分析済】,META,0,0,0,全対象,,競合分析(分析済),,100種+日本語計算。健康系。脅威:LOW
32-new-competitor,plamed.com プラメド【分析済】,META,0,0,0,全対象,,競合分析(分析済),,Intage傘下。医師6.2万人アンケートパネル。脅威:LOW
32-new-competitor,clearnotebooks.com Clearnote【分析済】,META,0,0,0,全対象,,競合分析(分析済),,学生ノート共有SNS。30万件超。中高生中心。脅威:LOW
32-new-competitor,cardiac.jp cardiac.jp【分析済】,META,0,0,0,全対象,,競合分析(分析済),,心電図教室。ECG解説。脅威:LOW
32-new-competitor,intmed.exblog.jp 内科開業医【分析済】,META,0,0,0,全対象,,競合分析(分析済),,論文要約ブログ。2012年移転。更新停止。脅威:LOW
32-new-competitor,bakuekimed.com 爆益MED【分析済】,META,0,0,0,全対象,,競合分析(分析済),,医学部受験/国試。受験生中心。脅威:LOW
32-new-competitor,teppekitoushi.com 鉄壁投資【分析済】,META,0,0,0,全対象,,競合分析(分析済),,勤務医投資ブログ。脅威:LOW
32-new-competitor,travel-rescue-tips.com 雲の上はいつも晴れ【分析済】,META,0,0,0,全対象,,競合分析(分析済),,医学生旅行ブログ。脅威:LOW
32-new-competitor,honenaika.com 今野クリニック【分析済】,META,0,0,0,全対象,,競合分析(分析済),,新宿内科CL。脅威:LOW
32-new-competitor,index-medres.com INDEX【分析済】,META,0,0,0,全対象,,競合分析(分析済),,医学研究個人ブログ。脅威:LOW
32-new-competitor,e-ikj.net 税理士法人IKJ【分析済】,META,0,0,0,全対象,,競合分析(分析済),,一般法人向け税理士。脅威:LOW
32-new-competitor,hotto-hatto.com 薬サポ【分析済】,META,0,0,0,全対象,,競合分析(分析済),,薬剤師キャリアブログ。脅威:LOW
32-new-competitor,jintai100.com 人体百科【分析済】,META,0,0,0,全対象,,競合分析(分析済),,解剖モデルEC。脅威:LOW
32-new-competitor,us-kensahou-seminar.net 超音波検査法セミナー【分析済】,META,0,0,0,全対象,,競合分析(分析済),,富士フイルム医療。エコー動画30+。脅威:LOW
32-new-competitor,app.kcrt.net 医療計算機【分析済】,META,0,0,0,全対象,,競合分析(分析済),,計算ツール2本。産科特化。脅威:LOW
32-new-competitor,kyowakirin.co.jp 協和キリン【分析済】,META,0,0,0,全対象,,競合分析(分析済),,製薬コーポレート。脅威:LOW
32-new-competitor,lab-tky.umin.jp 東大病院UMIN【分析済】,META,0,0,0,全対象,,競合分析(分析済),,検査値参照。UMIN管理。脅威:LOW
32-new-competitor,diyakuzai.com DRUG INFORMATION【分析済】,META,0,0,0,全対象,,競合分析(分析済),,SSL接続エラー。薬剤師ブログ。脅威:LOW
32-new-competitor,seirei.or.jp 聖隷三方原【分析済】,META,0,0,0,全対象,,競合分析(分析済),,DNS解決失敗。緩和ケアガイド。脅威:LOW
32-new-competitor,cliniscale.emuyn.net CliniScale【分析済】,META,0,0,0,全対象,,競合分析(分析済),,DNS解決失敗。停止。脅威:LOW
32-new-competitor,ishin.kawai-juku.ac.jp 河合塾医進塾【分析済】,META,0,0,0,全対象,,競合分析(分析済),,医学部受験予備校。脅威:LOW(層ズレ)
32-new-competitor,cocre-logo.com cocre【分析済】,META,0,0,0,全対象,,競合分析(分析済),,医師バイト比較+ロゴ制作。脅威:LOW
32-new-competitor,ys-job.cuebic.co.jp キュービック【分析済】,META,0,0,0,全対象,,競合分析(分析済),,転職比較アフィリ。脅威:LOW
32-new-competitor,outside.no-limit.careers OUTSIDE【分析済】,META,0,0,0,全対象,,競合分析(分析済),,エグゼクティブ転職。脅威:LOW
32-new-competitor,sokei-401k.com マウンティン【分析済】,META,0,0,0,全対象,,競合分析(分析済),,企業型DC/iDeCo。B2Bコンサル。脅威:LOW
32-new-competitor,zaigenkakuho.com 企業版ふるさと納税【分析済】,META,0,0,0,全対象,,競合分析(分析済),,B2Bプラットフォーム。東証上場。脅威:LOW
32-new-competitor,financial-field.com ファイナンシャルフィールド【分析済】,META,0,0,0,全対象,,競合分析(分析済),,マネー系大手。医師記事は少数。脅威:LOW
32-new-competitor,mecstation.jp MEC station【分析済】,META,0,0,0,全対象,,競合分析(分析済),,MEC動画プラットフォーム。臨床コンテンツ。脅威:LOW
32-new-competitor,ishi-yobikou.com CES予備校【分析済】,META,0,0,0,全対象,,競合分析(分析済),,国試個別指導。OSCE/CBT記事。脅威:LOW
32-new-competitor,agaroot-medical.com アガルート医学部【分析済】,META,0,0,0,全対象,,競合分析(分析済),,解剖勉強法1位。受験予備校。脅威:LOW(層ズレ)
32-new-competitor,usmlego.com USMLE GO【分析済】,META,0,0,0,全対象,,競合分析(分析済),,USMLE受験情報特化。脅威:LOW
32-new-competitor,teamwada.net Team WADA【分析済】,META,0,0,0,全対象,,競合分析(分析済),,臨床留学情報。脅威:LOW
32-new-competitor,epilogi.dr-10.com エピロギ【分析済】,META,0,0,0,全対象,,競合分析(分析済),,メディウェルのキャリアマガジン。dr-10.comと統合分析済
32-new-competitor,katoiin.info 加藤医院ブログ【分析済】,META,0,0,0,全対象,,競合分析(分析済),,J-OSLER査読委員視点記事。脅威:LOW
32-new-competitor,fuseda.xsrv.jp 次郎作ブログ【分析済】,META,0,0,0,全対象,,競合分析(分析済),,403エラー。アクセス不可。脅威:LOW
32-new-competitor,obgynai.com Tommy blog【分析済】,META,0,0,0,全対象,,競合分析(分析済),,産婦人科医在宅ワーク記事。脅威:LOW
32-new-competitor,doctorsstudy.jp ドクターズスタディ【分析済】,META,0,0,0,全対象,,競合分析(分析済),,MEC系。専門医試験日程まとめ。脅威:LOW
32-new-competitor,hinyan1016.hatenablog.com 医知創造ラボ【分析済】,META,0,0,0,全対象,,競合分析(分析済),,脳神経内科AI活用。はてなブログ。脅威:LOW
32-new-competitor,ccr-egfr.online eGFR専門計算【分析済】,META,0,0,0,全対象,,競合分析(分析済),,eGFR3ツール+FAQ+症例。脅威:LOW
32-new-competitor,soutorenkon.hatenablog.com 内科医ブログ【分析済】,META,0,0,0,全対象,,競合分析(分析済),,呼吸器試験対策1位。はてなブログ。脅威:LOW
32-new-competitor,saitamageka.com 埼玉外科【分析済】,META,0,0,0,全対象,,競合分析(分析済),,外科ブログ。脅威:LOW
32-new-competitor,alife.jp alife【分析済】,META,0,0,0,全対象,,競合分析(分析済),,MELD/MELD-Na計算個人サイト。脅威:LOW
